case_id,changes,runs,player_profitable_rate,staker_profitable_rate,combined_profitable_rate,player_ev_per_stake,player_pnl_per_stake,staker_return_per_draw,protocol_revenue_per_day,protocol_take_per_player_sol,median_funding_minutes,activation_rate,player_profit_index,staker_profit_index,revenue_day_index,protocol_take_index,user_profit_index,revenue_index,balanced_score,pareto,rank
pair__protocol_fee_rate-0p075__target_risk_probability-0p875,"{""protocol_fee_rate"":0.075,""target_risk_probability"":0.875}",3,0.19278899335956173,0.8214536913357984,0.47610011424809096,-0.13406439462955008,-0.13102285413617376,0.0011487562648798007,37.60611004208858,0.05934920568671507,40.0,1.0,0.9917586128048136,1.2654065119498383,1.607781698528529,1.516771518403457,1.1202579198227296,1.561613744860875,1.3226527002143937,True,1
pair__protocol_fee_rate-0p075__target_risk_probability-0p85,"{""protocol_fee_rate"":0.075,""target_risk_probability"":0.85}",3,0.17433454014125047,0.8685013718288012,0.4680699211640741,-0.15765132801619583,-0.17843692407696587,0.0018176823201021763,38.009541976567505,0.06057943928313616,40.0,1.0,0.9083164333227556,1.3381710122572712,1.5832948132020366,1.5520202623360535,1.102489329213406,1.5675795454589019,1.314625316035577,True,2
pair__protocol_fee_rate-0p075__risk_threshold_pct_of_safe_tvl-0p005,"{""protocol_fee_rate"":0.075,""risk_threshold_pct_of_safe_tvl"":0.005}",3,0.2157558380054334,0.6570913841640642,0.40501004184276174,-0.10674396431933061,-0.10574919319586547,0.0008122427217871875,41.17536040077792,0.05733402346451127,23.333333333333332,1.0,1.1113837840448435,1.0031531230019997,1.7836492695661772,1.4684646226521993,1.0558826231254896,1.6184022527101745,1.3072271477688262,True,3
pair__countdown_minutes-15__protocol_fee_rate-0p075,"{""countdown_minutes"":15,""protocol_fee_rate"":0.075}",3,0.11464868026502906,0.8207859455279012,0.3073642607418549,-0.12739628063072533,-0.1398827204537884,0.0019713859221037328,48.126995782850855,0.06563411292239006,43.333333333333336,1.0,0.5957848325349513,1.2642151258508765,2.2296712911534717,1.6870110954189952,0.8678710716709118,1.9394535847276944,1.297380307016264,True,4
pair__max_early_boost-0__protocol_fee_rate-0p075,"{""max_early_boost"":0.0,""protocol_fee_rate"":0.075}",3,0.18758116035067193,0.7305582427929553,0.41509882550969535,-0.10987996693204478,-0.10885809362457877,0.0007988312214224905,37.57312922293887,0.05907305890802901,40.0,1.0,0.96758019614132,1.1248153034606991,1.6015555057027848,1.5119938650832558,1.0432396713820182,1.5561304891341605,1.2741338470160273,False,5
pair__max_early_boost-0p75__protocol_fee_rate-0p075,"{""max_early_boost"":0.75,""protocol_fee_rate"":0.075}",3,0.1925415689561062,0.6724618291371469,0.417037232023707,-0.11066713336203911,-0.11889459805037988,0.0011199700228240906,37.00009562452771,0.05884243066036749,40.0,1.0,0.992520876926615,1.0346284911365677,1.6021887883007078,1.5069276116282233,1.0133559973257802,1.5538283444870937,1.2548232033640376,True,6
pair__protocol_fee_rate-0p075__threshold_decay_factor-0p95,"{""protocol_fee_rate"":0.075,""threshold_decay_factor"":0.95}",3,0.19068113983396115,0.7133563452273124,0.3949202996915194,-0.11246274331406898,-0.10769878429106022,0.0008997546081670512,35.98915737958824,0.060067558396761485,43.333333333333336,1.0,0.9782283091794218,1.0839883623158155,1.5010873622064196,1.5391107475241732,1.029751476249668,1.5199801617602158,1.2510802593929742,True,7
pair__protocol_fee_rate-0p075__risk_tvl_erosion_cap_rate-0p035,"{""protocol_fee_rate"":0.075,""risk_tvl_erosion_cap_rate"":0.035}",3,0.18581608507779915,0.7716907561614998,0.4340904249196481,-0.12318157870244936,-0.11290251380390105,0.0009031446802887726,34.8173301987336,0.05699606465864825,43.333333333333336,1.0,0.9567985148296003,1.185868810803073,1.4771343678496032,1.460931047241149,1.0651936523276528,1.4690103671990926,1.250911874731385,False,8
pair__protocol_fee_rate-0p075__threshold_decay_factor-0p85,"{""protocol_fee_rate"":0.075,""threshold_decay_factor"":0.85}",3,0.20070584310563822,0.5847935345450148,0.3331836196312078,-0.1083889842742414,-0.09516990035784616,0.0007457924003509351,38.04851184675901,0.05855392671305093,36.666666666666664,1.0,1.042583447928902,0.8344559851421688,1.5464284172981773,1.5006116869642183,0.9327325437307475,1.5233478119100785,1.1920050669311586,True,9
pair__countdown_minutes-10__protocol_fee_rate-0p075,"{""countdown_minutes"":10,""protocol_fee_rate"":0.075}",3,0.14977645683926374,0.5701516672142249,0.28902992531655347,-0.12054034518254114,-0.09563385850134036,0.000791557495888529,41.94585877939668,0.06199070936665948,40.0,1.0,0.7710589842710944,0.8693268947475457,1.8719910951077312,1.590766467560171,0.8187199230894453,1.7256594860135708,1.1886260142145646,True,10
pair__protocol_fee_rate-0p06__risk_threshold_pct_of_safe_tvl-0p005,"{""protocol_fee_rate"":0.06,""risk_threshold_pct_of_safe_tvl"":0.005}",3,0.216134939920737,0.6934545133991298,0.41367592315381746,-0.09650663025215313,-0.09907346047949392,0.0008725608806376738,33.622968516844935,0.045931804054661164,23.333333333333332,1.0,1.1208727021087883,1.0455165905304165,1.4295167716607253,1.1766886266215115,1.0825391475264974,1.2969564860772607,1.184907662569974,True,11
pair__countdown_minutes-15__protocol_fee_rate-0p06,"{""countdown_minutes"":15,""protocol_fee_rate"":0.06}",3,0.11524620367915768,0.8258128882735902,0.3130202704266816,-0.11594811272702535,-0.13090142493232937,0.00207620906437042,39.318787412104996,0.05311305776796033,40.0,1.0,0.5995120145644923,1.2716936882923866,1.8330803790891241,1.3656036108710699,0.8731527042717775,1.582169771137414,1.1753619928710017,True,12
pair__protocol_fee_rate-0p06__target_risk_probability-0p85,"{""protocol_fee_rate"":0.06,""target_risk_probability"":0.85}",3,0.17159355997698258,0.8597354237683937,0.4686099030762309,-0.14782964665222284,-0.15485260783459093,0.0015847455403963755,31.254816790827437,0.04859680805777981,40.0,1.0,0.8872834773702233,1.3262572242355677,1.2841679031557416,1.2450607463903405,1.0847885147839254,1.264463146158719,1.1711853390136535,False,13
pair__max_early_boost-0p75__protocol_fee_rate-0p06,"{""max_early_boost"":0.75,""protocol_fee_rate"":0.06}",3,0.1851580683845967,0.7575031555190074,0.44160917136807776,-0.10074501451810437,-0.11678179282764102,0.0013196122605435357,29.452163459284158,0.047101283392184834,40.0,1.0,0.9560151517157595,1.1680871624371967,1.2838177337286953,1.206265904423467,1.056744541417001,1.2444378488663588,1.1467575610922474,False,14
pair__protocol_fee_rate-0p06__risk_tvl_erosion_cap_rate-0p035,"{""protocol_fee_rate"":0.06,""risk_tvl_erosion_cap_rate"":0.035}",3,0.1926239202380901,0.7973989130361572,0.455355279458576,-0.11315920556999604,-0.1089636060969865,0.0009680092750381687,27.827897239104793,0.04594055734133961,40.0,1.0,0.9918224163071506,1.2299293618017266,1.1921253792311963,1.177007675074398,1.104477936180393,1.1845424099651711,1.1438098427083416,True,15
pair__countdown_minutes-10__protocol_fee_rate-0p06,"{""countdown_minutes"":10,""protocol_fee_rate"":0.06}",3,0.15173037490675195,0.6851408983258298,0.3200787042050077,-0.11036415913915182,-0.10801670620804812,0.0014216255314422033,34.0994698815869,0.05062242712816238,40.0,1.0,0.7838121483437175,1.039440893004225,1.5730404241873917,1.2997331191512438,0.902621958198422,1.429871580625363,1.13606051162618,False,16
pair__protocol_fee_rate-0p06__target_risk_probability-0p875,"{""protocol_fee_rate"":0.06,""target_risk_probability"":0.875}",3,0.17773814015907874,0.7462033719984114,0.420995749277073,-0.12346741407962969,-0.12157631522472147,0.0010738931838070826,28.590927970809396,0.04850483464055959,40.0,1.0,0.9189365439022366,1.1469657142716088,1.2358825816146584,1.2429558551251445,1.0266395226403044,1.239414172528747,1.1280210877632302,False,17
pair__protocol_fee_rate-0p06__threshold_decay_factor-0p85,"{""protocol_fee_rate"":0.06,""threshold_decay_factor"":0.85}",3,0.1972997315899884,0.6807602876819705,0.3874192051030507,-0.0986383883340214,-0.10604215632163452,0.0010208535318550552,31.44657333291124,0.04707999647914653,33.333333333333336,1.0,1.0226251826283475,1.0205484740571746,1.2866847619343609,1.205719990896329,1.02158630064415,1.2455446758129323,1.128021000536227,True,18
pair__protocol_fee_rate-0p06__threshold_decay_factor-0p95,"{""protocol_fee_rate"":0.06,""threshold_decay_factor"":0.95}",3,0.18792871786862608,0.7492270934706537,0.4157030834111355,-0.10251045013100847,-0.1065061952404243,0.0010740973261364126,28.580796792972638,0.04774856671759134,43.333333333333336,1.0,0.9569186404499548,1.1385756552696515,1.2084174163430261,1.2246605792642682,1.043802791761955,1.2165118877724461,1.1268533643152003,False,19
pair__max_early_boost-0__protocol_fee_rate-0p06,"{""max_early_boost"":0.0,""protocol_fee_rate"":0.06}",3,0.19515383917480902,0.6260130947371404,0.3651703906222864,-0.09943075353173624,-0.08766883145613312,0.0007052976233291009,29.796818930594924,0.04745034746479605,40.0,1.0,1.0122236609003665,0.9478368914224267,1.24669648497673,1.2136935114441887,0.979501367110854,1.2300843201002665,1.0976653739641404,False,20
pair__max_early_boost-0p75__target_risk_probability-0p85,"{""max_early_boost"":0.75,""target_risk_probability"":0.85}",3,0.18581646081523454,0.8682972975030958,0.4855394998266202,-0.14344633713241658,-0.13200123072591752,0.0016469007741371842,25.440522012683413,0.03983854836391279,40.0,1.0,0.961555697607773,1.3397777520078369,1.1041197532106726,1.0202719365657549,1.1350202337276942,1.0613681730713223,1.0975765813238492,True,21
pair__countdown_minutes-15__threshold_decay_factor-0p85,"{""countdown_minutes"":15,""threshold_decay_factor"":0.85}",3,0.11409939732388644,0.8408727963291113,0.31998978767769815,-0.10831623195578943,-0.1224836446183861,0.002228167094140661,35.07628806270711,0.04424892756603679,38.333333333333336,1.0,0.5942493783895498,1.2947038919303453,1.6287195468363926,1.1380225097325456,0.8771413700072176,1.3614402323793746,1.092783396017797,True,22
pair__countdown_minutes-15__risk_threshold_pct_of_safe_tvl-0p005,"{""countdown_minutes"":15,""risk_threshold_pct_of_safe_tvl"":0.005}",3,0.12148218857386828,0.778345212906805,0.30971571852485796,-0.10478063174703207,-0.11119282396831075,0.0016189329619699768,35.77290594183038,0.04286892440602774,23.333333333333332,1.0,0.632198123587116,1.1975701942774795,1.7050827113100078,1.1018731773278951,0.8701158714137334,1.3706877488027753,1.0920884419247625,True,23
pair__max_early_boost-0__target_risk_probability-0p85,"{""max_early_boost"":0.0,""target_risk_probability"":0.85}",3,0.18085735448905743,0.8526543535452888,0.47309500197611787,-0.14330749802594925,-0.1352688724113333,0.0018952817454314021,25.562506553474087,0.039660960818569714,40.0,1.0,0.9354475644560509,1.3137186590403864,1.1161026492998474,1.0156265832064542,1.108564350851947,1.0646800083668686,1.0864006177926553,True,24
pair__risk_threshold_pct_of_safe_tvl-0p005__risk_tvl_erosion_cap_rate-0p035,"{""risk_threshold_pct_of_safe_tvl"":0.005,""risk_tvl_erosion_cap_rate"":0.035}",3,0.21063829166857,0.772292656531493,0.4504374441982492,-0.10560682373348582,-0.09490933716962213,0.0008988926639858781,23.87002892148345,0.03698167524909229,26.666666666666668,1.0,1.095879649330646,1.1862462640275444,1.11719550386127,0.9472202055488821,1.1401680314069038,1.028703142216334,1.0830025099522593,True,25
pair__max_early_boost-0p75__risk_threshold_pct_of_safe_tvl-0p005,"{""max_early_boost"":0.75,""risk_threshold_pct_of_safe_tvl"":0.005}",3,0.2147281619752773,0.7154193892616468,0.4471576212740277,-0.08876359367648626,-0.08819620619493393,0.0007704671030348109,26.52718715517937,0.03835235655245628,23.333333333333332,1.0,1.113096511235671,1.10003368618455,1.1338929876862602,0.9819662987663036,1.1065458229706249,1.0551988913542996,1.0805674091102944,True,26
pair__risk_threshold_pct_of_safe_tvl-0p005__target_risk_probability-0p875,"{""risk_threshold_pct_of_safe_tvl"":0.005,""target_risk_probability"":0.875}",3,0.21481100916698168,0.7033585534810849,0.4198543074998101,-0.11559358930758934,-0.09774493167201322,0.0011453060841513114,27.09113390241121,0.03790307232116317,23.333333333333332,1.0,1.1109815474538265,1.0644143917119082,1.185991114866078,0.9710642682315044,1.0874487335209044,1.0731605630503267,1.0802810260083524,True,27
pair__target_risk_probability-0p875__threshold_decay_factor-0p85,"{""target_risk_probability"":0.875,""threshold_decay_factor"":0.85}",3,0.20158240734782618,0.7930671122490235,0.4640343207385032,-0.11669841736339549,-0.12020604292615196,0.001273170497959561,24.6440598587417,0.03965065522175382,33.333333333333336,1.0,1.0407768516397948,1.2239093868779911,1.0493506281649352,1.0160135073688847,1.1286348206427388,1.032547535071194,1.0795226269283007,True,28
pair__countdown_minutes-10__target_risk_probability-0p85,"{""countdown_minutes"":10,""target_risk_probability"":0.85}",3,0.13893118717165745,0.8151221559904653,0.3670742177683314,-0.15105201584391562,-0.15828956826683874,0.0025395515873834922,28.81181853292811,0.04297756113875664,40.0,1.0,0.7224020617229263,1.2574524422385327,1.2931452618355241,1.1047628046769737,0.9530929843365992,1.1952484203378615,1.067325106967609,False,29
pair__countdown_minutes-10__threshold_decay_factor-0p85,"{""countdown_minutes"":10,""threshold_decay_factor"":0.85}",3,0.14749552551890197,0.7727015250544662,0.3445118900370173,-0.10340957940837946,-0.10222011755627504,0.0016442944996051014,29.34244271574987,0.040552562037254866,30.0,1.0,0.7664626883273262,1.1789970101532894,1.3773716268986471,1.0400865669845092,0.9506088669542117,1.1969067327418967,1.0666724675652044,False,30
pair__risk_threshold_pct_of_safe_tvl-0p005__target_risk_probability-0p85,"{""risk_threshold_pct_of_safe_tvl"":0.005,""target_risk_probability"":0.85}",3,0.20551956048119732,0.7166010342363048,0.4342179937587687,-0.13949740310143266,-0.11062775963652086,0.0012119008535653403,25.739586121257535,0.03745839901963408,23.333333333333332,1.0,1.0664415861028347,1.098931739866692,1.1507430596200523,0.9590522065781734,1.0825647822103686,1.0505344689885856,1.0664293781704972,True,31
pair__target_risk_probability-0p85__threshold_decay_factor-0p85,"{""target_risk_probability"":0.85,""threshold_decay_factor"":0.85}",3,0.18768013513445436,0.8023143380478391,0.4530795326222824,-0.14101983618758718,-0.13773470395044976,0.0014165808207952037,25.866459592140895,0.03966333656193342,40.0,1.0,0.9712901572753553,1.2343443725625929,1.0603594697459116,1.0164713909267733,1.0949459072293346,1.0381835411404876,1.0661870470628663,False,32
pair__countdown_minutes-10__target_risk_probability-0p875,"{""countdown_minutes"":10,""target_risk_probability"":0.875}",3,0.14010132275794607,0.8096692880499582,0.37247466591322187,-0.1270246186102766,-0.1326314709705893,0.002413838652781982,27.721093157526987,0.04221224006706856,40.0,1.0,0.726312665377238,1.2474399720310696,1.3054281543019732,1.0843859998549528,0.951856843744895,1.1897848605279657,1.064192117090523,False,33
pair__risk_tvl_erosion_cap_rate-0p035__threshold_decay_factor-0p85,"{""risk_tvl_erosion_cap_rate"":0.035,""threshold_decay_factor"":0.85}",3,0.1990513540216251,0.8175377764046042,0.4751748892901003,-0.10620007420217727,-0.09905233942251353,0.0009446111073123179,23.607711638679596,0.03838765288062831,36.666666666666664,1.0,1.0219419277767554,1.2594351573093223,1.002407437107335,0.9846407034568792,1.1344908957636064,0.9934843551982959,1.0616491680663833,True,34
pair__target_risk_probability-0p875__threshold_decay_factor-0p95,"{""target_risk_probability"":0.875,""threshold_decay_factor"":0.95}",3,0.18159674232316858,0.8560437855796671,0.4489316699431211,-0.12014231180120034,-0.1382160529605519,0.0016632133694443707,23.709053369477992,0.040981780806230925,50.0,1.0,0.9185123035586128,1.3184812490483797,0.9955249450302208,1.0509098411737456,1.1004731933410574,1.0228425889970614,1.060948090247035,True,35
pair__countdown_minutes-15__target_risk_probability-0p875,"{""countdown_minutes"":15,""target_risk_probability"":0.875}",3,0.11036002320503062,0.8281171095742688,0.3020026116641884,-0.13282619314610092,-0.13175363863119807,0.002336229956987071,32.555897190127496,0.043897704137031666,40.0,1.0,0.5731694473776829,1.2728272914035703,1.5136909812737531,1.128634304885345,0.8541344831003005,1.3070591296728387,1.0566003379256692,False,36
pair__countdown_minutes-15__risk_tvl_erosion_cap_rate-0p035,"{""countdown_minutes"":15,""risk_tvl_erosion_cap_rate"":0.035}",3,0.1105205396512363,0.8098012997745273,0.30419127035420035,-0.11506068144139506,-0.11435385241844744,0.0016604850048072314,32.76790026363469,0.044004906369086064,46.666666666666664,1.0,0.5750829893314764,1.2483268453307474,1.5305441167687908,1.1317970727485442,0.847284800923242,1.3161555193332677,1.0560106851648396,False,37
pair__max_early_boost-0p75__threshold_decay_factor-0p85,"{""max_early_boost"":0.75,""threshold_decay_factor"":0.85}",3,0.19414922075196114,0.7238194095802464,0.41189170129906144,-0.09323930229466157,-0.10570269712533029,0.0013315420467871477,25.266432200863623,0.03928925203838868,33.333333333333336,1.0,1.0095810420895137,1.1081794220487855,1.1021329789826855,1.0077141687751054,1.0577319772674776,1.0538666987789147,1.0557975691749677,True,38
pair__countdown_minutes-15__target_risk_probability-0p85,"{""countdown_minutes"":15,""target_risk_probability"":0.85}",3,0.106958470341216,0.8385246207333057,0.30433557969396946,-0.1586940640963905,-0.14017826379177178,0.0029631716051655875,31.8197969259042,0.043784878016870636,40.0,1.0,0.5589911966220469,1.2905544285690262,1.5041615987008756,1.1250669142964966,0.8493577363700656,1.3008775685873284,1.0511471956628757,False,39
pair__max_early_boost-0p75__risk_tvl_erosion_cap_rate-0p035,"{""max_early_boost"":0.75,""risk_tvl_erosion_cap_rate"":0.035}",3,0.19224784887676294,0.7793204252009239,0.46231052014355817,-0.10781140235972181,-0.10677718653700621,0.0013681524436794548,24.6893309349001,0.038245462896763026,36.666666666666664,1.0,0.9830415419160912,1.1986931287850018,1.0450950834470902,0.9783419018367924,1.0855252837244427,1.0111677959369094,1.0476870756945669,False,40
pair__countdown_minutes-10__max_early_boost-0,"{""countdown_minutes"":10,""max_early_boost"":0.0}",3,0.1472359993560227,0.7402059276817248,0.3242523719131606,-0.1036468876042101,-0.1054266069147692,0.0016966975852774231,27.629865589052322,0.04202432677002009,40.0,1.0,0.7659782068137031,1.120071667363471,1.299057333717289,1.0787998436939972,0.9262561671966919,1.1838170671872206,1.0471474868970767,False,41
pair__countdown_minutes-10__risk_threshold_pct_of_safe_tvl-0p005,"{""countdown_minutes"":10,""risk_threshold_pct_of_safe_tvl"":0.005}",3,0.15999199673064315,0.6189040323609414,0.30393149466482533,-0.09768089295940259,-0.09288536302480199,0.001186346483731693,30.94829082997101,0.041986862745336834,25.0,1.0,0.8341417332257158,0.9070227621476087,1.4682714528908474,1.0789511831183316,0.8698192564510069,1.2586473776381737,1.046324866449826,False,42
pair__max_early_boost-0p75__threshold_decay_factor-0p95,"{""max_early_boost"":0.75,""threshold_decay_factor"":0.95}",3,0.19122466271492153,0.7707906986785085,0.42512738778098796,-0.09420103050956832,-0.11210445094249005,0.0013398328517304802,23.360648257412617,0.04072598724544904,43.333333333333336,1.0,0.9880982615496576,1.1827073170840696,0.9789694325851733,1.0440829264015314,1.081032397263296,1.0110021117837364,1.0454310290687892,False,43
pair__risk_threshold_pct_of_safe_tvl-0p005__threshold_decay_factor-0p85,"{""risk_threshold_pct_of_safe_tvl"":0.005,""threshold_decay_factor"":0.85}",3,0.22218670483627093,0.6069000789661138,0.3834906353818862,-0.08707343719312309,-0.09630244489132812,0.0008384828493374333,27.299370209375656,0.03781972988054511,23.333333333333332,1.0,1.1489057788467905,0.907336719882114,1.1797596938298243,0.9691508355118913,1.021001665440587,1.0692825131734023,1.0448632574535963,True,44
pair__countdown_minutes-10__max_early_boost-0p75,"{""countdown_minutes"":10,""max_early_boost"":0.75}",3,0.14637534068611424,0.730291777904326,0.34871405382488657,-0.10147934795421461,-0.09300829814106888,0.0011099286555933097,28.360803263498628,0.04153877773731997,40.0,1.0,0.7581129102444814,1.1236785702520884,1.2821981868749313,1.0652674501149302,0.9229708722777598,1.1687103974356714,1.0385979274778516,False,45
pair__target_risk_probability-0p85__threshold_decay_factor-0p95,"{""target_risk_probability"":0.85,""threshold_decay_factor"":0.95}",3,0.17616798174632464,0.8076139320567356,0.44735906924530716,-0.1449219297344394,-0.138801039219085,0.0018293667792554401,24.659382759009937,0.04030411447524412,46.666666666666664,1.0,0.907959452455452,1.2415943637562987,0.9975368037702177,1.031842757038872,1.061752013743296,1.0145447875032456,1.0378800369813148,False,46
pair__risk_tvl_erosion_cap_rate-0p035__target_risk_probability-0p85,"{""risk_tvl_erosion_cap_rate"":0.035,""target_risk_probability"":0.85}",3,0.17380939188344594,0.8569014017523703,0.4672072375846289,-0.15617669114217209,-0.13789606590304718,0.001573406187598386,22.771857996970496,0.03842593456200194,43.333333333333336,1.0,0.8936509864067995,1.3202343817178293,0.9920522442930786,0.9851735578085264,1.0861992255154251,0.9886069183665193,1.036254828248778,False,47
pair__countdown_minutes-15__max_early_boost-0,"{""countdown_minutes"":15,""max_early_boost"":0.0}",3,0.11815153903159129,0.7411456747099636,0.2823720866775416,-0.1077353244244967,-0.10673269361545515,0.0020381568693400645,32.08091388834401,0.04356156753772729,40.0,1.0,0.6145519309888859,1.1310486516359792,1.4718197728545213,1.1197334356520399,0.8337194569549561,1.2837623654395691,1.034551913716024,False,48
pair__risk_tvl_erosion_cap_rate-0p035__threshold_decay_factor-0p95,"{""risk_tvl_erosion_cap_rate"":0.035,""threshold_decay_factor"":0.95}",3,0.19197474075657256,0.7772656751667918,0.426800217252415,-0.10751965071082258,-0.09476109921358923,0.0010501568232716663,22.65325105117409,0.03920151244174969,43.333333333333336,1.0,0.9841097889442345,1.1891425954229382,0.9702237507957499,1.0051461625445126,1.0817794916739119,0.9875305969547938,1.0335813210319698,False,49
pair__countdown_minutes-10__threshold_decay_factor-0p95,"{""countdown_minutes"":10,""threshold_decay_factor"":0.95}",3,0.13996965277042653,0.7343067544641648,0.31983787416115084,-0.1058405129958654,-0.11022788996199455,0.0020154970090515575,28.886688646380353,0.04266008060491333,46.666666666666664,1.0,0.725194799595725,1.1105747155198713,1.2930587775753752,1.0952300061379885,0.8974313390212715,1.1900406601879863,1.0334310732517493,False,50
pair__risk_tvl_erosion_cap_rate-0p035__target_risk_probability-0p875,"{""risk_tvl_erosion_cap_rate"":0.035,""target_risk_probability"":0.875}",3,0.1854767682410838,0.8149608074137146,0.4601886274149303,-0.130976072000786,-0.12534124631512186,0.0012390274183822843,23.243102390949634,0.03870103102125791,40.0,1.0,0.9547435747182067,1.2578228403056166,0.9595957537416426,0.9889388303866096,1.0958550428389662,0.9741568160974993,1.0332156887293167,False,51
pair__countdown_minutes-15__max_early_boost-0p75,"{""countdown_minutes"":15,""max_early_boost"":0.75}",3,0.11881645812767189,0.6981655419642512,0.25965971799015153,-0.11112241228016671,-0.10635216287782749,0.002525737163549032,33.937314540288575,0.04274128378315595,40.0,1.0,0.6194957976720346,1.0425432942388595,1.604662654210527,1.0982988855209197,0.8036486730357568,1.327553842507513,1.032902165703356,False,52
pair__countdown_minutes-10__risk_tvl_erosion_cap_rate-0p035,"{""countdown_minutes"":10,""risk_tvl_erosion_cap_rate"":0.035}",3,0.15447741254369476,0.6749831099573829,0.34446771125029846,-0.11201880258482523,-0.09509201238686531,0.001176628942598761,28.07117131489652,0.04110072083480802,43.333333333333336,1.0,0.7995958046993888,1.040465217488836,1.2612049354439216,1.055742221237355,0.9121138212085762,1.153909571838747,1.0259127004277664,False,53
pair__max_early_boost-0__risk_tvl_erosion_cap_rate-0p035,"{""max_early_boost"":0.0,""risk_tvl_erosion_cap_rate"":0.035}",3,0.1918719514566443,0.727091632688234,0.439444039629456,-0.10621223805570564,-0.09295991142983254,0.0007641974258772164,23.253142328823916,0.03917975275905548,43.333333333333336,1.0,0.9869988841268734,1.1043924231037447,0.9955806584353445,1.0046456998718314,1.044046976549221,1.0001029083912492,1.0218387435128726,False,54
pair__max_early_boost-0__target_risk_probability-0p875,"{""max_early_boost"":0.0,""target_risk_probability"":0.875}",3,0.1892009800331807,0.6897109599530424,0.39295178794844215,-0.11706194862992979,-0.09335067335534075,0.0008746635104679296,23.37114388431536,0.03952902653288473,36.666666666666664,1.0,0.9815518725273769,1.045317275143503,1.031191092813618,1.0119007960163684,1.0129329340101054,1.021500410016114,1.0172076520603588,False,55
pair__countdown_minutes-15__threshold_decay_factor-0p95,"{""countdown_minutes"":15,""threshold_decay_factor"":0.95}",3,0.10953461801727886,0.7549138937838402,0.2740610182421517,-0.11131458311010738,-0.11218730973218896,0.001966512500876986,32.38863821815893,0.0430735512033692,51.666666666666664,1.0,0.565902303620358,1.144805348202795,1.4518033947813285,1.1065160943077184,0.8048900445059981,1.2674556489661175,1.0100309073022058,False,56
pair__max_early_boost-0p75__target_risk_probability-0p875,"{""max_early_boost"":0.75,""target_risk_probability"":0.875}",3,0.19660850298358595,0.6152676189090694,0.37868172655711674,-0.11715676130673296,-0.08451144884069461,0.0008117394306341956,24.576473054751077,0.04026127553112941,40.0,1.0,1.0119242241617337,0.9377386816692543,1.0602375619725135,1.0318941319164832,0.9741254990577995,1.0459698459500997,1.0094086873935406,False,57
pair__max_early_boost-0__threshold_decay_factor-0p95,"{""max_early_boost"":0.0,""threshold_decay_factor"":0.95}",3,0.1934797863423399,0.6814375301495418,0.38054969207453504,-0.0945964698569105,-0.09258893259634828,0.0010117867768412894,23.377661827454073,0.03992580528979152,43.333333333333336,1.0,0.9867370437734758,1.0240551006588785,0.9708355363769134,1.0225134633289583,1.0052229119380889,0.9963395036951935,1.0007713511004563,False,58
baseline,{},3,0.195495004488732,0.6669440701698767,0.3930483998665517,-0.09215371159816754,-0.09368139062391129,0.0008556600667091595,23.513282083171497,0.039068177929104886,40.0,1.0,1.0,1.0,1.0,1.0,1.0,1.0,1.0,False,59
pair__risk_threshold_pct_of_safe_tvl-0p005__threshold_decay_factor-0p95,"{""risk_threshold_pct_of_safe_tvl"":0.005,""threshold_decay_factor"":0.95}",3,0.2019619907614051,0.5546723528823787,0.3243419440492574,-0.08696464067886295,-0.0798929960154443,0.0006189567343620213,25.553620629867794,0.039081011425855926,30.0,1.0,1.0410305064928649,0.7858239745059793,1.0850755240035819,1.0026568715139532,0.9044704142171792,1.0430524580546248,0.9712929984237061,False,60
pair__max_early_boost-0__risk_threshold_pct_of_safe_tvl-0p005,"{""max_early_boost"":0.0,""risk_threshold_pct_of_safe_tvl"":0.005}",3,0.2154984682284421,0.49098427148311546,0.3052184454623479,-0.08826445245850428,-0.07660523657299753,0.0007236258047162827,25.8831144353934,0.038022517769072166,23.333333333333332,1.0,1.1212886217407894,0.6796498029313842,1.1445858333294363,0.973734557263181,0.8729739920497809,1.0557096095360445,0.9600036626398861,True,61
pair__max_early_boost-0__threshold_decay_factor-0p85,"{""max_early_boost"":0.0,""threshold_decay_factor"":0.85}",3,0.2056614628900141,0.4999144316555544,0.3018748346715933,-0.09109054026426895,-0.06650318358135214,0.0005875817001075782,24.78920041022987,0.038591246302414464,33.333333333333336,1.0,1.0601178669165687,0.6857638352297991,1.0567901964649913,0.9887035473172537,0.8526373755661547,1.0221801289474544,0.933567877822299,False,62
