scenario,seed,capital_scale,activated_draws,activation_rate,player_wins,staker_wins,player_win_rate,avg_stakers,avg_staker_tvl,avg_player_positions,avg_player_tvl,median_funding_minutes,p90_funding_minutes,max_funding_minutes,avg_activation_threshold_pct,avg_pending_withdrawn_positions,draws_reaching_floor,minutes_at_floor,funding_clock_resets,funding_staker_withdrawals,queued_staker_withdrawals,avg_queued_staker_withdrawal_minutes,draws_over_24h_funding,max_abs_conservation_error,draws_per_day,avg_effective_player_wallets,median_largest_player_share,median_player_gini,median_player_winner_profit,median_staker_jackpot,median_staker_prorata,protocol_revenue,protocol_revenue_per_day,protocol_take_per_player_sol,staker_pnl,staker_return_per_draw,player_pnl,player_ev_per_stake,player_pnl_per_stake,profitable_stakers,profitable_staker_rate,stakers,profitable_players,profitable_player_rate,players,stage,case_id,changes,draws,safe_pro_rata_share
small,20270811,0.2,300,1.0,268,32,0.8933333333333333,31.79,34.65669555172,5.433333333333334,0.9416286757766666,20.0,30.0,60.0,0.008266209366666666,0.02666666666666667,0,0.0,0,22,8,5.0,0,0.0,60.41958041958042,3.3817367933333333,0.434568,0.38167399999999996,0.547073673,0.2324000995,0.5035335495,10.409804589633872,2.0965200851850034,0.03685035250598384,19.344641473322625,0.0018605968404627235,-29.75444606295652,-0.10846955134710512,-0.10532972224397859,124,0.8611111111111112,144,140,0.24822695035460993,564,screening,baseline,{},300,0.6499999999999999
medium,20270817,1.0,300,1.0,280,20,0.9333333333333333,89.66666666666667,460.99068123804335,6.86,6.733221445183333,40.0,51.00000000000023,70.0,0.006962294043333333,0.056666666666666664,0,0.0,4,100,30,5.0,0,0.0,35.49712407559573,3.9481330833333335,0.4084215,0.425777,4.1052375535,2.1404442015,4.6376291035,75.86366592039468,8.976473206685977,0.037556894342486685,43.60011044265576,0.0003152638597492012,-119.46377636305046,-0.09238259071892725,-0.059141466104861255,190,0.4103671706263499,463,137,0.2178060413354531,629,screening,baseline,{},300,0.6499999999999999
large,20270829,5.0,300,1.0,280,20,0.9333333333333333,331.36,8416.761494528324,13.066666666666666,63.86484597063333,70.0,90.0,110.0,0.005081962046666667,0.3466666666666667,0,0.0,6,716,89,5.0,0,0.0,20.26266416510319,6.19939097,0.2965835,0.5121935,52.156464417500004,19.540912942,42.338644707,848.7418883107855,57.32590615232322,0.04429885619709364,5.9462377408894245,2.354919107844124e-06,-854.6881260516693,-0.07764310722929009,-0.0446092114820457,436,0.2087123025370991,2089,170,0.1559633027522936,1090,screening,baseline,{},300,0.6499999999999999
small,20270811,0.2,300,1.0,251,49,0.8366666666666667,33.64,33.647482272363334,5.363333333333333,0.9505516232133333,20.0,30.0,50.0,0.008203795666666666,0.03333333333333333,0,0.0,0,16,9,5.0,0,0.0,59.09712722298221,3.4162298966666667,0.44238299999999997,0.37360899999999997,0.531012224,0.21731389,0.470846762,11.102771723561938,2.1871397102502312,0.03893448622330504,35.45622921851141,0.0035125192955505528,-46.5590009420733,-0.1586868707594429,-0.16327011181388504,128,0.9014084507042254,142,132,0.2218487394957983,595,screening,oat__target_risk_probability-0p85,"{""target_risk_probability"":0.85}",300,0.6499999999999999
medium,20270817,1.0,300,1.0,247,53,0.8233333333333334,96.84333333333333,582.1195185410634,7.333333333333333,7.25306413685,40.0,60.0,110.0,0.00660028049,0.11666666666666667,0,0.0,4,119,26,5.0,0,0.0,31.372549019607842,4.155811933333333,0.379342,0.44053699999999996,4.772736828,2.018493701,4.373403018,86.09196372482582,9.003081173837995,0.03956578998910093,273.3875596958324,0.0015654721008783545,-359.4795234206582,-0.13821869138257,-0.1652081183152568,456,0.902970297029703,505,123,0.1852409638554217,664,screening,oat__target_risk_probability-0p85,"{""target_risk_probability"":0.85}",300,0.6499999999999999
large,20270829,5.0,300,1.0,261,39,0.87,327.3666666666667,7984.325763717787,12.94,62.950556230846665,70.0,90.0,120.0,0.0051439785166666665,0.34,0,0.0,5,680,103,5.0,0,1e-12,20.561637315564017,6.219154296666667,0.2935535,0.4985175,48.553983988,18.342919376,39.742991982,837.2295177440418,57.38269897912519,0.04433265130990674,1205.7859526675586,0.0005033971092657846,-2043.015470411603,-0.13048686986394112,-0.10818095940352702,1367,0.6603864734299517,2070,164,0.15471698113207547,1060,screening,oat__target_risk_probability-0p85,"{""target_risk_probability"":0.85}",300,0.6499999999999999
small,20270811,0.2,300,1.0,254,46,0.8466666666666667,33.63666666666666,31.427942220413332,5.26,1.02649522739,20.0,30.0,50.0,0.008439152333333333,0.02666666666666667,0,0.0,0,17,10,5.0,0,0.0,65.95419847328245,3.2749881966666665,0.47287650000000003,0.3693305,0.5788753615,0.28835801650000004,0.6247757015,11.252332101309468,2.4737951489901735,0.03653964740430406,39.636337243010786,0.004203938113948578,-50.888669344320256,-0.13568125649013574,-0.16525054699543454,143,0.9407894736842105,152,136,0.2233169129720854,609,screening,oat__target_risk_probability-0p875,"{""target_risk_probability"":0.875}",300,0.6499999999999999
medium,20270817,1.0,300,1.0,272,28,0.9066666666666666,97.33666666666667,548.5031880936666,7.136666666666667,7.30971313527,40.0,60.0,90.0,0.006796172916666667,0.05,0,0.0,2,112,34,5.0,0,0.0,33.56643356643357,4.104753036666667,0.393246,0.4268575,4.9462466705,1.8639947989999999,4.0386553984999995,86.09801410246789,9.633344235241163,0.039261921094658425,83.7754979708418,0.0005091158373634081,-169.8735120733097,-0.11519029742268226,-0.07746474174371949,259,0.5098425196850394,508,134,0.20029895366218237,669,screening,oat__target_risk_probability-0p875,"{""target_risk_probability"":0.875}",300,0.6499999999999999
large,20270829,5.0,300,1.0,262,38,0.8733333333333333,324.98333333333335,8025.328260694817,12.85,61.09946762926,60.0,90.0,120.0,0.0051622148933333336,0.33666666666666667,0,0.0,5,673,95,5.0,0,1e-12,20.739318290926548,6.38127138,0.2839435,0.48862099999999997,48.714149937,18.160364254500003,39.347455885,822.0308457617883,56.827864517377584,0.04484659074007613,1055.4483774637313,0.0004383822248671286,-1877.4792232255222,-0.10382960216583335,-0.10242747310651432,1115,0.5525272547076313,2018,160,0.14911463187325255,1073,screening,oat__target_risk_probability-0p875,"{""target_risk_probability"":0.875}",300,0.6499999999999999
small,20270811,0.2,300,1.0,286,14,0.9533333333333334,32.79666666666667,40.859012387873335,5.573333333333333,1.03137246306,20.0,40.0,50.0,0.008095387666666667,0.04,0,0.0,2,24,8,5.0,0,0.0,55.45571245186136,3.5538276166666667,0.4192005,0.3585795,0.6146515185,0.2722540645,0.5898838065,10.806554165238998,1.9976172012765285,0.03492612854001286,3.9537462985199117,0.00032255195508130253,-14.760300463758906,-0.08149533100783107,-0.04770439710973806,79,0.4817073170731707,164,146,0.2512908777969019,581,screening,oat__target_risk_probability-0p925,"{""target_risk_probability"":0.925}",300,0.6499999999999999
medium,20270817,1.0,300,1.0,276,24,0.92,96.41666666666667,523.05587809653,7.02,7.125698812176667,40.0,60.0,80.0,0.006844183196666667,0.05333333333333334,0,0.0,2,108,34,5.0,0,0.0,34.04255319148936,4.00033908,0.40649,0.43178099999999997,4.9544655525,2.082790145,4.5127119805,83.60033159829673,9.48656245087055,0.039107430630961316,62.85302948681533,0.0004005501267891675,-146.45336108511208,-0.06479409451766516,-0.06850947298663387,234,0.4624505928853755,506,135,0.20833333333333334,648,screening,oat__target_risk_probability-0p925,"{""target_risk_probability"":0.925}",300,0.6499999999999999
large,20270829,5.0,300,1.0,280,20,0.9333333333333333,335.9266666666667,8063.008960013487,12.963333333333333,63.32847409842667,60.0,90.0,100.0,0.005153876483333333,0.37333333333333335,0,0.0,4,686,105,5.0,0,0.0,20.65997130559541,6.224400373333333,0.28774299999999997,0.503553,50.6006308165,19.07122237,41.3209818015,846.0293389719035,58.263139556171254,0.044531276597474134,17.50964359779187,7.238672181657678e-06,-863.538982569696,-0.053110466212377666,-0.0454529074987429,430,0.20456707897240722,2102,173,0.1618334892422825,1069,screening,oat__target_risk_probability-0p925,"{""target_risk_probability"":0.925}",300,0.6499999999999999
small,20270811,0.2,300,1.0,285,15,0.95,28.296666666666667,33.798208179393335,5.403333333333333,0.8996136094933334,20.0,30.0,50.0,0.008212553,0.023333333333333334,0,0.0,1,11,8,5.0,0,0.0,59.09712722298221,3.40111182,0.4414635,0.3718605,0.514597953,0.27979677,0.606226336,9.598945267308892,1.8909002988953219,0.03556691882683227,7.43491085742203,0.0007332647949815549,-17.033856124730928,-0.058038309003027845,-0.06311545291955745,110,0.7913669064748201,139,144,0.24242424242424243,594,screening,oat__target_risk_probability-0p95,"{""target_risk_probability"":0.95}",300,0.6499999999999999
medium,20270817,1.0,300,1.0,290,10,0.9666666666666667,98.55666666666667,545.5335542916466,7.083333333333333,7.728457995083334,40.0,60.0,100.0,0.006883234936666666,0.07666666666666666,0,0.0,2,105,27,5.0,0,0.0,34.36754176610979,4.01932778,0.3964475,0.426389,4.859826269,2.5209871594999997,5.462138846,86.53145914095394,9.912911787030524,0.0373215714337854,-17.142032778929504,-0.0001047416951965356,-69.38942636202444,-0.040748035060934835,-0.02992810312491329,75,0.14177693761814744,529,133,0.20090634441087613,662,screening,oat__target_risk_probability-0p95,"{""target_risk_probability"":0.95}",300,0.6499999999999999
large,20270829,5.0,300,1.0,284,16,0.9466666666666667,337.64666666666665,7661.36830313729,12.443333333333333,64.92881024674,60.0,80.0,100.0,0.005425271503333333,0.3,0,0.0,3,649,106,5.0,0,1e-12,22.245108135942328,5.923201913333333,0.304963,0.5072255,49.9895498265,18.7946184145,40.721673231,833.8564161267396,61.83075382196216,0.042808752794429826,-159.60658525203863,-6.944215834425667e-05,-674.2498308747009,-0.028540544298888738,-0.034614825494386076,260,0.1294176207068193,2009,171,0.1623931623931624,1053,screening,oat__target_risk_probability-0p95,"{""target_risk_probability"":0.95}",300,0.6499999999999999
small,20270811,0.2,300,1.0,267,33,0.89,31.953333333333333,34.82232749979333,5.3533333333333335,0.9293027006033333,20.0,30.0,50.0,0.008297355333333332,0.023333333333333334,0,0.0,0,20,8,5.0,0,0.0,61.53846153846154,3.3496054666666666,0.434206,0.3818695,0.557190165,0.246143841,0.549721245,6.194090562703284,1.2705826795288788,0.02221769992591178,21.269961846667233,0.0020360463505101688,-27.464052409370513,-0.09548018115631933,-0.09851132607828773,133,0.8986486486486487,148,136,0.24113475177304963,564,screening,oat__protocol_fee_rate-0p03,"{""protocol_fee_rate"":0.03}",300,0.6699999999999999
medium,20270817,1.0,300,1.0,272,28,0.9066666666666666,94.54,477.35674011872,6.94,6.905018170483333,40.0,60.0,80.0,0.00692241172,0.03666666666666667,0,0.0,3,103,23,5.0,0,0.0,34.95145631067961,3.97073679,0.3949415,0.4275375,4.5666780995,1.8471552625,4.125313419499999,47.37718077436414,5.519671546527861,0.022870893604541042,113.67598939174825,0.0007937878169373335,-161.05317016611227,-0.07844771335231841,-0.07774692076098184,322,0.6571428571428571,490,128,0.20611916264090177,621,screening,oat__protocol_fee_rate-0p03,"{""protocol_fee_rate"":0.03}",300,0.6699999999999999
large,20270829,5.0,300,1.0,274,26,0.9133333333333333,328.55333333333334,7766.466027957887,12.693333333333333,65.28946199631,60.0,90.0,110.0,0.005291892383333333,0.2966666666666667,0,0.0,4,669,110,5.0,0,1e-12,21.354424122590213,5.978284366666666,0.3102425,0.504954,54.0083161335,17.2097020695,38.4350012875,519.7176586681414,36.99423769066355,0.02653402467397237,266.46279014817463,0.00011436466692785638,-786.1804488163157,-0.06377745123568873,-0.04013820019228363,732,0.35447941888619855,2065,171,0.15405405405405406,1110,screening,oat__protocol_fee_rate-0p03,"{""protocol_fee_rate"":0.03}",300,0.6699999999999999
small,20270811,0.2,300,1.0,267,33,0.89,31.953333333333333,34.75524828548,5.3533333333333335,0.9280547298866667,20.0,30.0,50.0,0.008297355333333332,0.023333333333333334,0,0.0,0,20,8,5.0,0,0.0,61.53846153846154,3.3502509766666666,0.434269,0.38157,0.551418487,0.245923155,0.54103094,8.247879178249896,1.6918726519486966,0.02962425567027036,20.955398345472712,0.0020098066123562914,-29.203277523722605,-0.1017949985219787,-0.10489064413722243,133,0.8986486486486487,148,136,0.24113475177304963,564,screening,oat__protocol_fee_rate-0p04,"{""protocol_fee_rate"":0.04}",300,0.6599999999999999
medium,20270817,1.0,300,1.0,278,22,0.9266666666666666,89.77666666666667,461.4993874387233,6.75,6.953433238003333,30.0,50.0,70.0,0.007035178813333333,0.07,0,0.0,5,97,28,5.0,0,0.0,36.30252100840336,3.914887626666667,0.4131995,0.4262865,4.3245627325000005,2.178624002,4.792972804,62.53334044480881,7.567059684077704,0.029977201335612064,68.69612510733923,0.0004961806882604694,-131.229465552148,-0.08672305019005294,-0.06290871528754359,256,0.5505376344086022,465,132,0.2108626198083067,626,screening,oat__protocol_fee_rate-0p04,"{""protocol_fee_rate"":0.04}",300,0.6599999999999999
large,20270829,5.0,300,1.0,277,23,0.9233333333333333,334.5466666666667,8051.122330570433,12.913333333333334,63.11945700044,60.0,90.0,120.0,0.0051751460366666665,0.3466666666666667,0,0.0,3,695,99,5.0,0,1e-12,20.809248554913296,6.154175856666667,0.3020075,0.505282,52.681400115,18.732583173,41.21168298,671.2662451899229,46.561820475601586,0.035449515204439716,136.6636424629191,5.65816113794064e-05,-807.9298876528419,-0.07014104076957493,-0.04266671092387101,536,0.2585624698504583,2073,162,0.14594594594594595,1110,screening,oat__protocol_fee_rate-0p04,"{""protocol_fee_rate"":0.04}",300,0.6599999999999999
small,20270811,0.2,300,1.0,273,27,0.91,37.31333333333333,36.32611653348,5.26,0.9571741975333333,20.0,30.0,60.0,0.0082704937,0.023333333333333334,0,0.0,1,24,9,5.0,0,0.0,60.589060308555396,3.28373494,0.45663,0.376678,0.53685406,0.231443677,0.493746512,12.787547225001283,2.582618233380343,0.04453228840321568,15.687570231845351,0.001439512553581745,-28.475117456846657,-0.11333832643245996,-0.09916382873054143,132,0.7857142857142857,168,130,0.24029574861367836,541,screening,oat__protocol_fee_rate-0p06,"{""protocol_fee_rate"":0.06}",300,0.6399999999999999
medium,20270817,1.0,300,1.0,280,20,0.9333333333333333,89.67333333333333,460.92283533804334,6.85,6.742201662503334,40.0,51.00000000000023,70.0,0.0069672110433333335,0.056666666666666664,0,0.0,4,99,30,5.0,0,0.0,35.55555555555556,3.93171304,0.408235,0.42682200000000003,4.0287645755,2.1400381845,4.565414794,90.74271212391605,10.75469180727894,0.044863046556725725,42.0920210153581,0.0003044039608386046,-132.83473313927425,-0.09912261475875915,-0.06567327202034161,189,0.40997830802603036,461,138,0.22009569377990432,627,screening,oat__protocol_fee_rate-0p06,"{""protocol_fee_rate"":0.06}",300,0.6399999999999999
large,20270829,5.0,300,1.0,268,32,0.8933333333333333,347.38,8278.023688938923,13.166666666666666,64.73352111363,70.0,90.0,110.0,0.005117832726666667,0.35,0,0.0,4,724,97,5.0,0,1e-12,20.512820512820515,6.2156339633333335,0.292433,0.5131365000000001,50.876688726,20.532420055499998,43.8024961185,1043.973959212758,71.38283481796635,0.053757514460976125,902.1519143015336,0.00036327185819605185,-1946.12587351429,-0.08636105471361316,-0.10021216416855405,1152,0.5373134328358209,2144,162,0.14944649446494465,1084,screening,oat__protocol_fee_rate-0p06,"{""protocol_fee_rate"":0.06}",300,0.6399999999999999
small,20270811,0.2,300,1.0,275,25,0.9166666666666666,35.96666666666667,36.591794417483335,5.403333333333333,0.9842368281566667,20.0,30.0,50.0,0.008239675,0.023333333333333334,0,0.0,1,29,7,5.0,0,0.0,59.75103734439834,3.40473111,0.4497275,0.38244100000000003,0.545890886,0.273500228,0.569792142,16.615485876489505,3.309308390338159,0.056271977777299496,17.57084759194822,0.0016006181961160284,-34.18633346843775,-0.12312572144763222,-0.11577949700196914,121,0.7202380952380952,168,131,0.2314487632508834,566,screening,oat__protocol_fee_rate-0p075,"{""protocol_fee_rate"":0.075}",300,0.625
medium,20270817,1.0,300,1.0,280,20,0.9333333333333333,89.67333333333333,460.49946943358,6.85,6.727403439993333,40.0,51.00000000000023,70.0,0.0069672110433333335,0.056666666666666664,0,0.0,4,99,30,5.0,0,0.0,35.55555555555556,3.93485163,0.4072635,0.4262285,3.9571105795,2.1394312985,4.457148538,113.2075873186037,13.417195534056734,0.056092759674856094,39.934782877192795,0.0002890686130164498,-153.14237019579653,-0.10919461663715754,-0.07587988023501507,186,0.403470715835141,461,138,0.22009569377990432,627,screening,oat__protocol_fee_rate-0p075,"{""protocol_fee_rate"":0.075}",300,0.625
large,20270829,5.0,300,1.0,270,30,0.9,334.3566666666667,8047.79455145544,12.763333333333334,63.57541515434,60.0,80.0,100.0,0.00523394714,0.29,0,0.0,3,667,110,5.0,0,1e-12,21.218074656188605,6.10706258,0.2967225,0.5112479999999999,48.820342873499996,20.1639211665,42.0081690975,1275.4032536232871,90.20533817374918,0.06687088347631576,826.0908264076273,0.0003421603360298792,-2101.494080030915,-0.09797466509042124,-0.11018379116776349,1103,0.5380487804878049,2050,164,0.1583011583011583,1036,screening,oat__protocol_fee_rate-0p075,"{""protocol_fee_rate"":0.075}",300,0.625
small,20270811,0.2,300,1.0,271,29,0.9033333333333333,30.826666666666668,48.499337017386665,4.583333333333333,0.8550528138733333,10.0,30.0,50.0,0.004327533166666666,0.013333333333333334,0,0.0,1,16,16,5.0,0,0.0,74.74048442906573,2.8433115,0.5159655000000001,0.365186,0.381524623,0.208020984,0.450712133,8.639471861805934,2.1523943738755267,0.03368007106941026,14.139780741481305,0.0009718195210525795,-22.779252603287222,-0.09730684053071477,-0.08880251696616925,129,0.8164556962025317,158,122,0.24448897795591182,499,screening,oat__risk_threshold_pct_of_safe_tvl-0p005,"{""risk_threshold_pct_of_safe_tvl"":0.005}",300,0.6499999999999999
medium,20270817,1.0,300,1.0,263,37,0.8766666666666667,96.41333333333333,476.8433172408633,6.046666666666667,5.286238479153333,20.0,40.0,70.0,0.0038807278333333334,0.04,0,0.0,2,71,26,5.0,0,0.0,48.05339265850946,3.7369728633333334,0.40806,0.3828645,3.243264268,1.409333203,3.053555272,61.20348659117478,9.8034505774518,0.03859296601451431,113.99146495760539,0.0007968478032937457,-175.19495154877998,-0.08660686993848817,-0.11047234704454721,347,0.7110655737704918,488,150,0.22556390977443608,665,screening,oat__risk_threshold_pct_of_safe_tvl-0p005,"{""risk_threshold_pct_of_safe_tvl"":0.005}",300,0.6499999999999999
large,20270829,5.0,300,1.0,272,28,0.9066666666666666,351.5933333333333,9260.11668603186,10.733333333333333,47.80856423164333,50.0,70.0,100.0,0.0030369574266666667,0.24,0,0.0,2,539,98,5.0,0,1e-12,26.74922600619195,5.466580716666667,0.31162900000000004,0.4775395,35.629689988500004,14.096744265,30.5429459075,617.1429111618949,55.02698402929588,0.04302875583627635,440.38758744220394,0.0001585248517463763,-1057.5304986040987,-0.07562551422722752,-0.0737336859758796,1137,0.5440191387559808,2090,153,0.15904365904365905,962,screening,oat__risk_threshold_pct_of_safe_tvl-0p005,"{""risk_threshold_pct_of_safe_tvl"":0.005}",300,0.6499999999999999
small,20270811,0.2,300,1.0,275,25,0.9166666666666666,33.55,35.81573900142,4.806666666666667,0.82878861468,20.0,30.0,60.0,0.0064571874,0.03666666666666667,8,140.0,3,17,8,5.0,0,0.0,69.45337620578778,3.133237273333333,0.4597745,0.3449425,0.457276003,0.266440242,0.577287191,8.64451317234242,2.0013020849152867,0.03476766378955835,14.377378659251628,0.0013380875801261194,-23.02189183159405,-0.10396710291450349,-0.09259253575566614,111,0.7161290322580646,155,134,0.2504672897196262,535,screening,oat__risk_threshold_pct_of_safe_tvl-0p0075,"{""risk_threshold_pct_of_safe_tvl"":0.0075}",300,0.6499999999999999
medium,20270817,1.0,300,1.0,268,32,0.8933333333333333,108.95666666666666,478.59693819895335,6.223333333333334,6.607326017606667,30.0,50.0,60.0,0.0056020237,0.07,0,0.0,4,102,23,5.0,0,0.0,42.603550295857985,3.65219456,0.4093525,0.4191485,3.9180383255,1.5789416649999999,3.421040275,74.57734106980654,10.590865003996194,0.037623561518975966,136.49573938856946,0.0009506659187459325,-211.07308045837624,-0.09094973882238044,-0.10648436795557208,423,0.8197674418604651,516,152,0.22585438335809807,673,screening,oat__risk_threshold_pct_of_safe_tvl-0p0075,"{""risk_threshold_pct_of_safe_tvl"":0.0075}",300,0.6499999999999999
large,20270829,5.0,300,1.0,273,27,0.91,361.11333333333334,8312.948565010312,11.363333333333333,56.709069869383335,60.0,70.0,100.0,0.00427690432,0.24333333333333335,0,0.0,5,602,118,5.0,0,1e-12,24.147568474007826,5.8127038,0.3096295,0.479819,44.02059886,14.7709211,32.003662382,746.2295828170514,60.06543316135014,0.04386303546245331,425.08190059916683,0.00017044970958052976,-1171.311483416221,-0.07777814393317077,-0.06884915623515331,813,0.38367154318074564,2119,166,0.16226783968719452,1023,screening,oat__risk_threshold_pct_of_safe_tvl-0p0075,"{""risk_threshold_pct_of_safe_tvl"":0.0075}",300,0.6499999999999999
small,20270811,0.2,300,1.0,276,24,0.92,30.506666666666668,41.74695046595,5.636666666666667,1.0603474450833332,20.0,40.0,60.0,0.009869705803333333,0.04,0,0.0,3,19,14,5.0,0,0.0,50.174216027874564,3.38572852,0.4477565,0.3973215,0.6084080574999999,0.3029126775,0.656310802,11.21530734653681,1.8757308454138217,0.03525670571012817,15.689468588763763,0.0012527436865566615,-26.90477593530057,-0.1059701046060067,-0.08457849063233591,126,0.7974683544303798,158,126,0.22784810126582278,553,screening,oat__risk_threshold_pct_of_safe_tvl-0p0125,"{""risk_threshold_pct_of_safe_tvl"":0.0125}",300,0.6499999999999999
medium,20270817,1.0,300,1.0,263,37,0.8766666666666667,102.56,508.1201146341867,7.836666666666667,7.551982242703334,45.0,70.0,90.0,0.007897378563333333,0.14666666666666667,0,0.0,0,134,34,5.0,0,0.0,28.838451268357808,4.23897817,0.381532,0.4576305,5.084249306,2.341937025,5.074196888,91.64127538943333,8.80930818162777,0.04044910437387765,193.24236144473267,0.0012676947561493707,-284.8836368341663,-0.09397658272630222,-0.1257434263299625,425,0.7741347905282332,549,133,0.18679775280898878,712,screening,oat__risk_threshold_pct_of_safe_tvl-0p0125,"{""risk_threshold_pct_of_safe_tvl"":0.0125}",300,0.6499999999999999
large,20270829,5.0,300,1.0,273,27,0.91,319.62666666666667,9259.572994254784,15.193333333333333,75.18191880617,80.0,100.0,130.0,0.005525851036666666,0.4266666666666667,0,0.0,3,806,94,5.0,0,1e-12,17.081850533807827,6.80664857,0.277085,0.5220125,60.21580918,20.740451995,44.93764599,1014.2362007140349,57.75010395524754,0.04496809059143096,660.9096399167402,0.0002379194088564018,-1675.1458406307777,-0.08040994198956798,-0.07427077623763748,821,0.39757869249394673,2065,163,0.12967382657120127,1257,screening,oat__risk_threshold_pct_of_safe_tvl-0p0125,"{""risk_threshold_pct_of_safe_tvl"":0.0125}",300,0.6499999999999999
small,20270811,0.2,300,1.0,269,31,0.8966666666666666,25.726666666666667,40.41101151052,6.236666666666666,1.21924339605,30.0,40.0,70.0,0.011454979596666666,0.05333333333333334,0,0.0,3,20,8,5.0,0,0.0,45.378151260504204,3.7489335666666666,0.400459,0.40730350000000004,0.731525706,0.318732626,0.690587357,13.535142452856704,2.047332471860678,0.0370042123301131,26.852473705165888,0.0022149469250623693,-40.387616158022546,-0.1112116847881301,-0.11041715512223109,97,0.7404580152671756,131,136,0.21283255086071987,639,screening,oat__risk_threshold_pct_of_safe_tvl-0p015,"{""risk_threshold_pct_of_safe_tvl"":0.015}",300,0.6499999999999999
medium,20270817,1.0,300,1.0,265,35,0.8833333333333333,91.37666666666667,472.37577983422335,8.166666666666666,8.156706637173333,50.0,70.0,90.0,0.009306842093333333,0.13333333333333333,0,0.0,3,129,35,5.0,0,0.0,27.674567584881483,4.592701886666666,0.364342,0.43791599999999997,5.760679132,2.267820002,4.913610005,97.87830630928241,9.029132676833227,0.03999911184056096,164.0117879862523,0.001157353918835628,-261.89009429553477,-0.09898041999268725,-0.107024442561985,440,0.8301886792452831,530,154,0.20698924731182797,744,screening,oat__risk_threshold_pct_of_safe_tvl-0p015,"{""risk_threshold_pct_of_safe_tvl"":0.015}",300,0.6499999999999999
large,20270829,5.0,300,1.0,269,31,0.8966666666666666,306.96,7441.94939830839,14.386666666666667,74.85653135780333,70.0,100.0,130.0,0.00694879079,0.4633333333333333,0,0.0,3,701,103,5.0,0,1e-12,17.962577962577964,6.3505068966666665,0.298667,0.532905,57.290108938,24.447331328,52.969217877,982.5144701831366,58.82830923341857,0.04375100174344884,1115.3692049508088,0.0004995864861270267,-2097.883675133948,-0.08390450302028037,-0.09341797511768982,976,0.4824518042511122,2023,149,0.13127753303964756,1135,screening,oat__risk_threshold_pct_of_safe_tvl-0p015,"{""risk_threshold_pct_of_safe_tvl"":0.015}",300,0.6499999999999999
small,20270811,0.2,300,1.0,259,41,0.8633333333333333,26.71,32.16481579688333,4.62,0.8832366049866667,12.5,30.0,65.0,0.007623336413333333,0.01,5,70.0,1,18,7,5.0,0,0.0,73.59454855195911,3.013990543333333,0.4723125,0.35128950000000003,0.443528333,0.220312659,0.477344094,9.017833295532025,2.21221123433835,0.03403328637958106,26.66259364625946,0.0027631220621760853,-35.680426941791524,-0.10658532002239585,-0.13465786608157407,131,0.8851351351351351,148,115,0.22115384615384615,520,screening,oat__threshold_decay_interval_minutes-5,"{""threshold_decay_interval_minutes"":5}",300,0.6499999999999999
medium,20270817,1.0,300,1.0,272,28,0.9066666666666666,108.87666666666667,520.80259613831,6.31,6.651385136743333,30.0,50.0,80.0,0.005591300523333334,0.07333333333333333,0,0.0,3,93,24,5.0,0,0.0,41.478636581853095,3.5875732166666667,0.441791,0.4335875,3.939030766,2.1570292689999997,4.6735634165,73.99000784064802,10.230015486369,0.03707999978927454,99.90261714269015,0.0006394144850240525,-173.89262498333818,-0.08873145381311306,-0.08714607128607776,355,0.6787762906309751,523,146,0.2310126582278481,632,screening,oat__threshold_decay_interval_minutes-5,"{""threshold_decay_interval_minutes"":5}",300,0.6499999999999999
large,20270829,5.0,300,1.0,273,27,0.91,376.4633333333333,9114.755642307227,10.65,53.43959646360667,50.0,65.0,75.0,0.00370330636,0.19666666666666666,0,0.0,3,529,116,5.0,0,0.0,26.81564245810056,5.467073703333333,0.3174585,0.47152499999999997,41.36040041,16.242322024,35.191697719,695.1780981759321,62.13882441796041,0.04336223475847535,404.0559394083639,0.00014776623578471298,-1099.2340375842946,-0.07598823716161902,-0.06856551510656778,817,0.384109073812882,2127,163,0.16414904330312186,993,screening,oat__threshold_decay_interval_minutes-5,"{""threshold_decay_interval_minutes"":5}",300,0.6499999999999999
small,20270811,0.2,300,1.0,265,35,0.8833333333333333,32.92,60.67579948975666,6.47,1.2487160481933333,30.0,60.0,75.0,0.008129998,0.056666666666666664,0,0.0,3,32,9,5.0,0,0.0,40.27972027972028,3.88780082,0.4000245,0.40262200000000004,0.815185933,0.353908624,0.766802019,14.517312008017601,1.9491775563212443,0.03875263723625433,29.474844230148033,0.0016192531716660227,-43.99215623816558,-0.10243966114832945,-0.11743303932551176,130,0.8666666666666667,150,135,0.21951219512195122,615,screening,oat__threshold_decay_interval_minutes-15,"{""threshold_decay_interval_minutes"":15}",300,0.6499999999999999
medium,20270817,1.0,300,1.0,271,29,0.9033333333333333,94.81666666666666,487.30415722243333,7.713333333333333,7.86059677307,45.0,75.0,120.0,0.007440592073333333,0.10333333333333333,0,0.0,4,132,19,5.0,0,0.0,29.56878850102669,4.160439853333333,0.380077,0.4513235,4.924205438,1.989571021,4.310737212,87.87285741020995,8.660979785811247,0.037263013630745245,121.96516835620197,0.000834285025403071,-209.8380257664123,-0.09605253272892042,-0.08898307674098675,391,0.7267657992565055,538,137,0.19627507163323782,698,screening,oat__threshold_decay_interval_minutes-15,"{""threshold_decay_interval_minutes"":15}",300,0.6499999999999999
large,20270829,5.0,300,1.0,266,34,0.8866666666666667,314.5966666666667,7446.702303788134,14.276666666666667,68.6796127166,75.0,105.0,120.0,0.0060577638733333335,0.4033333333333333,0,0.0,5,724,98,5.0,0,1e-12,18.46153846153846,6.698855623333333,0.279794,0.51332,57.26924362,20.014844218,43.365495804999995,933.5587835166434,57.4497712933319,0.04530984507095226,1081.9445477538222,0.00048430589524324865,-2015.5033312704675,-0.08110648007659801,-0.09782152478481301,1225,0.6043413912185496,2027,165,0.1375,1200,screening,oat__threshold_decay_interval_minutes-15,"{""threshold_decay_interval_minutes"":15}",300,0.6499999999999999
small,20270811,0.2,300,1.0,258,42,0.86,35.13666666666666,41.79333276050333,6.47,1.24619365992,20.0,40.0,80.0,0.008653836666666666,0.03666666666666667,0,0.0,5,43,10,5.0,0,0.0,42.687747035573125,3.7236431866666666,0.4122655,0.4108185,0.740766142,0.2687133685,0.5822122985,13.726506347688264,1.9531787688410178,0.036715819242651306,40.48085527928439,0.0032286533605140567,-54.20736162697254,-0.11049824334732675,-0.14499448298817502,161,0.8994413407821229,179,133,0.1996996996996997,666,screening,oat__threshold_decay_interval_minutes-20,"{""threshold_decay_interval_minutes"":20}",300,0.6499999999999999
medium,20270817,1.0,300,1.0,280,20,0.9333333333333333,98.73333333333333,448.5153504315967,8.033333333333333,7.706260118796667,40.0,80.0,100.0,0.007886738666666667,0.11666666666666667,0,0.0,2,131,26,5.0,0,0.0,28.088426527958386,4.525652593333334,0.3649165,0.4340375,5.1255871395,2.0946579610000002,4.5384255825,90.323231792969,8.456791533281883,0.03906920278690376,63.19631828902075,0.00046967042286072847,-153.5195500819896,-0.0982663203952798,-0.06640469251205844,281,0.5362595419847328,524,150,0.1984126984126984,756,screening,oat__threshold_decay_interval_minutes-20,"{""threshold_decay_interval_minutes"":20}",300,0.6499999999999999
large,20270829,5.0,300,1.0,268,32,0.8933333333333333,302.9866666666667,7816.2187735862235,15.69,78.22711557151334,80.0,100.0,140.0,0.00651665385,0.5,0,0.0,5,767,97,5.0,0,1e-12,16.400911161731205,6.940806326666666,0.267634,0.520984,64.73355846999999,23.3172205925,50.520644618,1069.5424033161992,58.471566468311565,0.045574240061659506,1163.9762462021617,0.0004963935802034484,-2233.5186495183593,-0.08341071563062556,-0.09517239784017209,1202,0.5843461351482742,2057,165,0.12870514820592824,1282,screening,oat__threshold_decay_interval_minutes-20,"{""threshold_decay_interval_minutes"":20}",300,0.6499999999999999
small,20270811,0.2,300,1.0,267,33,0.89,23.096666666666668,36.650769410416665,5.456666666666667,0.9998164168233333,20.0,30.0,50.0,0.00755062116,0.043333333333333335,0,0.0,3,10,8,5.0,0,0.0,61.71428571428572,3.39588294,0.44191349999999996,0.38147,0.579037222,0.258661322,0.560432865,11.031246560594985,2.2692850067509687,0.03677757361244385,24.213559039800433,0.00220218742373965,-35.244805600395374,-0.10857634990734803,-0.11750425713944887,108,0.8181818181818182,132,141,0.23190789473684212,608,screening,oat__threshold_decay_factor-0p85,"{""threshold_decay_factor"":0.85}",300,0.6499999999999999
medium,20270817,1.0,300,1.0,258,42,0.86,96.71333333333334,412.10685369403,6.71,6.1000876372,30.0,50.0,70.0,0.0061365164133333336,0.06333333333333334,0,0.0,3,93,30,5.0,0,0.0,39.52424519670631,3.8296543366666667,0.407697,0.42420749999999996,3.88871629,1.6989607255,3.6810815725,70.50981210368121,9.289490341198622,0.03852939842683197,180.66121990507517,0.0014612813665976028,-251.17103200875664,-0.09312924327289755,-0.13724995822303016,453,0.9041916167664671,501,135,0.19452449567723343,694,screening,oat__threshold_decay_factor-0p85,"{""threshold_decay_factor"":0.85}",300,0.6499999999999999
large,20270829,5.0,300,1.0,267,33,0.89,347.32666666666665,9272.968549761074,12.333333333333334,57.082439726783335,60.0,80.0,100.0,0.0038759877266666665,0.26666666666666666,0,0.0,5,662,110,5.0,0,1e-12,22.040816326530614,6.0639983766666665,0.2927595,0.49822299999999997,43.886089173,17.023110791,36.883406714,748.8348059131052,55.016434720146506,0.043728264448009514,718.8649856676071,0.0002584087939081563,-1467.699791580711,-0.07693715148454736,-0.08570643900328707,1134,0.5371861676930365,2111,166,0.1680161943319838,988,screening,oat__threshold_decay_factor-0p85,"{""threshold_decay_factor"":0.85}",300,0.6499999999999999
small,20270811,0.2,300,1.0,274,26,0.9133333333333333,27.17,39.42099589850667,5.866666666666666,1.0236806762666666,20.0,40.0,60.0,0.00888255992,0.03333333333333333,0,0.0,5,18,9,5.0,0,0.0,49.826989619377166,3.70872021,0.417564,0.358813,0.632659235,0.21956585750000002,0.475726025,11.497607233755234,1.9096371876133262,0.0374387817748228,16.538375785345263,0.0013984405525019358,-28.03598301910048,-0.10797271842387185,-0.09129143383965817,127,0.8141025641025641,156,149,0.23575949367088608,632,screening,oat__threshold_decay_factor-0p95,"{""threshold_decay_factor"":0.95}",300,0.6499999999999999
medium,20270817,1.0,300,1.0,268,32,0.8933333333333333,89.25,477.80867570786,7.97,7.711864694653333,40.0,70.0,120.0,0.00799722372,0.14,0,0.0,2,124,23,5.0,0,0.0,28.896321070234112,4.360499966666667,0.36848899999999996,0.4513715,5.4034486820000005,1.7705510224999998,3.8361938815,89.53854177377079,8.624448170851501,0.03870163932200395,134.1553022603853,0.0009359066999054801,-223.69384403415634,-0.09560179306356224,-0.09668817806119977,396,0.8098159509202454,489,142,0.18908122503328895,751,screening,oat__threshold_decay_factor-0p95,"{""threshold_decay_factor"":0.95}",300,0.6499999999999999
large,20270829,5.0,300,1.0,266,34,0.8866666666666667,301.75,7214.2119843928,14.313333333333333,71.93754959232334,70.0,100.0,180.0,0.006913991226666667,0.5066666666666667,0,0.0,3,733,71,5.0,0,1e-12,18.35954101147471,6.596600083333334,0.284884,0.517237,58.332341415,21.0820126855,45.677694152,961.5032059836751,58.842525143072336,0.044552680829071156,1201.925650548203,0.0005553508607493305,-2163.428856531874,-0.08268572569938669,-0.10024569314135334,1415,0.6875607385811467,2058,162,0.13410596026490065,1208,screening,oat__threshold_decay_factor-0p95,"{""threshold_decay_factor"":0.95}",300,0.6499999999999999
small,20270811,0.2,300,1.0,264,36,0.88,31.06,42.60961339303667,5.91,1.0959428058533334,20.0,50.0,80.0,0.00937353365,0.07,0,0.0,2,28,14,5.0,0,0.0,46.5016146393972,3.567774296666667,0.426975,0.397482,0.6230373760000001,0.329217256,0.7133040545,12.015153668751216,1.8624134857913617,0.036544345211506,32.15529943727566,0.002515496455433735,-44.17045310602687,-0.10638446280079335,-0.1343453717661069,137,0.8203592814371258,167,127,0.21783876500857632,583,screening,oat__threshold_decay_factor-0p975,"{""threshold_decay_factor"":0.975}",300,0.6499999999999999
medium,20270817,1.0,300,1.0,272,28,0.9066666666666666,94.15,393.30640875354334,7.65,6.828621103053333,40.0,70.0,100.0,0.008998170286666666,0.09333333333333334,0,0.0,4,123,27,5.0,0,0.0,30.422535211267608,4.489983223333334,0.359176,0.417381,4.7457005355,1.898935157,4.1143595059999996,83.36845283226549,8.454265639328332,0.04069560143701063,109.54902029044102,0.0009284450821063489,-192.9174731227063,-0.09874910304380236,-0.09417102428699967,413,0.7972972972972973,518,162,0.22720897615708274,713,screening,oat__threshold_decay_factor-0p975,"{""threshold_decay_factor"":0.975}",300,0.6499999999999999
large,20270829,5.0,300,1.0,276,24,0.92,287.68666666666667,6935.513295596684,15.016666666666667,79.64935375124334,80.0,120.0,180.0,0.008202771106666666,0.57,0,0.0,1,731,82,5.0,0,1e-12,17.068352429869616,6.94697755,0.26680550000000003,0.5196149999999999,65.2880328265,22.740932979,49.272021455499996,1068.2452405439003,60.777287490447115,0.04470616898663894,538.5713693491995,0.00025884715684568735,-1606.8166098930988,-0.08690667350765374,-0.06724543406890751,780,0.38961038961038963,2002,176,0.1414790996784566,1244,screening,oat__threshold_decay_factor-0p975,"{""threshold_decay_factor"":0.975}",300,0.6499999999999999
small,20270811,0.2,300,1.0,268,32,0.8933333333333333,31.79,34.65669555172,5.433333333333334,0.9416286757766666,20.0,30.0,60.0,0.008266209366666666,0.02666666666666667,0,0.0,0,22,8,5.0,0,0.0,60.41958041958042,3.3817367933333333,0.434568,0.38167399999999996,0.547073673,0.2324000995,0.5035335495,10.409804589633872,2.0965200851850034,0.03685035250598384,19.344641473322625,0.0018605968404627235,-29.75444606295652,-0.10846955134710512,-0.10532972224397859,124,0.8611111111111112,144,140,0.24822695035460993,564,screening,oat__minimum_draw_pool_sol-0p05,"{""minimum_draw_pool_sol"":0.05}",300,0.6499999999999999
medium,20270817,1.0,300,1.0,280,20,0.9333333333333333,89.66666666666667,460.99068123804335,6.86,6.733221445183333,40.0,51.00000000000023,70.0,0.006962294043333333,0.056666666666666664,0,0.0,4,100,30,5.0,0,0.0,35.49712407559573,3.9481330833333335,0.4084215,0.425777,4.1052375535,2.1404442015,4.6376291035,75.86366592039468,8.976473206685977,0.037556894342486685,43.60011044265576,0.0003152638597492012,-119.46377636305046,-0.09238259071892725,-0.059141466104861255,190,0.4103671706263499,463,137,0.2178060413354531,629,screening,oat__minimum_draw_pool_sol-0p05,"{""minimum_draw_pool_sol"":0.05}",300,0.6499999999999999
large,20270829,5.0,300,1.0,280,20,0.9333333333333333,331.36,8416.761494528324,13.066666666666666,63.86484597063333,70.0,90.0,110.0,0.005081962046666667,0.3466666666666667,0,0.0,6,716,89,5.0,0,0.0,20.26266416510319,6.19939097,0.2965835,0.5121935,52.156464417500004,19.540912942,42.338644707,848.7418883107855,57.32590615232322,0.04429885619709364,5.9462377408894245,2.354919107844124e-06,-854.6881260516693,-0.07764310722929009,-0.0446092114820457,436,0.2087123025370991,2089,170,0.1559633027522936,1090,screening,oat__minimum_draw_pool_sol-0p05,"{""minimum_draw_pool_sol"":0.05}",300,0.6499999999999999
small,20270811,0.2,300,1.0,279,21,0.93,31.25,28.17598582116,5.0633333333333335,1.04346167676,10.0,30.0,60.0,0.00930139946,0.043333333333333335,83,1570.0,8,18,8,5.0,0,0.0,68.6804451510334,3.1097712833333335,0.4755435,0.38431499999999996,0.51342049,0.30223243,0.654836931,10.356389839027178,2.3709382143400854,0.033083437784331766,14.269190394006491,0.0016881030634357211,-24.62558023303367,-0.11178746014417298,-0.078666298218373,120,0.8333333333333334,144,134,0.23183391003460208,578,screening,oat__minimum_draw_pool_sol-0p2,"{""minimum_draw_pool_sol"":0.2}",300,0.6499999999999999
medium,20270817,1.0,300,1.0,280,20,0.9333333333333333,89.66666666666667,460.99068123804335,6.86,6.733221445183333,40.0,51.00000000000023,70.0,0.006962294043333333,0.056666666666666664,0,0.0,4,100,30,5.0,0,0.0,35.49712407559573,3.9481330833333335,0.4084215,0.425777,4.1052375535,2.1404442015,4.6376291035,75.86366592039468,8.976473206685977,0.037556894342486685,43.60011044265576,0.0003152638597492012,-119.46377636305046,-0.09238259071892725,-0.059141466104861255,190,0.4103671706263499,463,137,0.2178060413354531,629,screening,oat__minimum_draw_pool_sol-0p2,"{""minimum_draw_pool_sol"":0.2}",300,0.6499999999999999
large,20270829,5.0,300,1.0,280,20,0.9333333333333333,331.36,8416.761494528324,13.066666666666666,63.86484597063333,70.0,90.0,110.0,0.005081962046666667,0.3466666666666667,0,0.0,6,716,89,5.0,0,0.0,20.26266416510319,6.19939097,0.2965835,0.5121935,52.156464417500004,19.540912942,42.338644707,848.7418883107855,57.32590615232322,0.04429885619709364,5.9462377408894245,2.354919107844124e-06,-854.6881260516693,-0.07764310722929009,-0.0446092114820457,436,0.2087123025370991,2089,170,0.1559633027522936,1090,screening,oat__minimum_draw_pool_sol-0p2,"{""minimum_draw_pool_sol"":0.2}",300,0.6499999999999999
small,20270811,0.2,300,1.0,281,19,0.9366666666666666,21.28,19.60804041286,6.743333333333333,1.25803656069,30.0,60.0,100.0,0.029300395593333334,0.07666666666666666,281,10090.0,6,34,5,5.0,0,0.0,37.27351164797239,3.786781136666667,0.405451,0.421417,0.72990347,0.283092663,0.613367437,13.480526877616143,1.6748885853121007,0.03571842901561475,16.649350301177194,0.0028303610747792457,-30.129877178793325,-0.122120550011173,-0.07983307247781933,90,0.7627118644067796,118,138,0.19686162624821682,701,screening,oat__minimum_draw_pool_sol-0p5,"{""minimum_draw_pool_sol"":0.5}",300,0.6499999999999999
medium,20270817,1.0,300,1.0,280,20,0.9333333333333333,89.66666666666667,460.99068123804335,6.86,6.733221445183333,40.0,51.00000000000023,70.0,0.006962294043333333,0.056666666666666664,0,0.0,4,100,30,5.0,0,0.0,35.49712407559573,3.9481330833333335,0.4084215,0.425777,4.1052375535,2.1404442015,4.6376291035,75.86366592039468,8.976473206685977,0.037556894342486685,43.60011044265576,0.0003152638597492012,-119.46377636305046,-0.09238259071892725,-0.059141466104861255,190,0.4103671706263499,463,137,0.2178060413354531,629,screening,oat__minimum_draw_pool_sol-0p5,"{""minimum_draw_pool_sol"":0.5}",300,0.6499999999999999
large,20270829,5.0,300,1.0,280,20,0.9333333333333333,331.36,8416.761494528324,13.066666666666666,63.86484597063333,70.0,90.0,110.0,0.005081962046666667,0.3466666666666667,0,0.0,6,716,89,5.0,0,0.0,20.26266416510319,6.19939097,0.2965835,0.5121935,52.156464417500004,19.540912942,42.338644707,848.7418883107855,57.32590615232322,0.04429885619709364,5.9462377408894245,2.354919107844124e-06,-854.6881260516693,-0.07764310722929009,-0.0446092114820457,436,0.2087123025370991,2089,170,0.1559633027522936,1090,screening,oat__minimum_draw_pool_sol-0p5,"{""minimum_draw_pool_sol"":0.5}",300,0.6499999999999999
small,20270811,0.2,300,1.0,268,32,0.8933333333333333,31.79,34.65669555172,5.433333333333334,0.9416286757766666,20.0,30.0,60.0,0.008266209366666666,0.02666666666666667,0,0.0,0,22,8,5.0,0,0.0,60.41958041958042,3.3817367933333333,0.434568,0.38167399999999996,0.547073673,0.2324000995,0.5035335495,10.409804589633872,2.0965200851850034,0.03685035250598384,19.344641473322625,0.0018605968404627235,-29.75444606295652,-0.10846955134710512,-0.10532972224397859,124,0.8611111111111112,144,140,0.24822695035460993,564,screening,oat__activation_floor_pct_of_safe_tvl-0p0005,"{""activation_floor_pct_of_safe_tvl"":0.0005}",300,0.6499999999999999
medium,20270817,1.0,300,1.0,280,20,0.9333333333333333,89.66666666666667,460.99068123804335,6.86,6.733221445183333,40.0,51.00000000000023,70.0,0.006962294043333333,0.056666666666666664,0,0.0,4,100,30,5.0,0,0.0,35.49712407559573,3.9481330833333335,0.4084215,0.425777,4.1052375535,2.1404442015,4.6376291035,75.86366592039468,8.976473206685977,0.037556894342486685,43.60011044265576,0.0003152638597492012,-119.46377636305046,-0.09238259071892725,-0.059141466104861255,190,0.4103671706263499,463,137,0.2178060413354531,629,screening,oat__activation_floor_pct_of_safe_tvl-0p0005,"{""activation_floor_pct_of_safe_tvl"":0.0005}",300,0.6499999999999999
large,20270829,5.0,300,1.0,280,20,0.9333333333333333,331.36,8416.761494528324,13.066666666666666,63.86484597063333,70.0,90.0,110.0,0.005081962046666667,0.3466666666666667,0,0.0,6,716,89,5.0,0,0.0,20.26266416510319,6.19939097,0.2965835,0.5121935,52.156464417500004,19.540912942,42.338644707,848.7418883107855,57.32590615232322,0.04429885619709364,5.9462377408894245,2.354919107844124e-06,-854.6881260516693,-0.07764310722929009,-0.0446092114820457,436,0.2087123025370991,2089,170,0.1559633027522936,1090,screening,oat__activation_floor_pct_of_safe_tvl-0p0005,"{""activation_floor_pct_of_safe_tvl"":0.0005}",300,0.6499999999999999
small,20270811,0.2,300,1.0,268,32,0.8933333333333333,31.79,34.65669555172,5.433333333333334,0.9416286757766666,20.0,30.0,60.0,0.008266209366666666,0.02666666666666667,0,0.0,0,22,8,5.0,0,0.0,60.41958041958042,3.3817367933333333,0.434568,0.38167399999999996,0.547073673,0.2324000995,0.5035335495,10.409804589633872,2.0965200851850034,0.03685035250598384,19.344641473322625,0.0018605968404627235,-29.75444606295652,-0.10846955134710512,-0.10532972224397859,124,0.8611111111111112,144,140,0.24822695035460993,564,screening,oat__activation_floor_pct_of_safe_tvl-0p002,"{""activation_floor_pct_of_safe_tvl"":0.002}",300,0.6499999999999999
medium,20270817,1.0,300,1.0,280,20,0.9333333333333333,89.66666666666667,460.99068123804335,6.86,6.733221445183333,40.0,51.00000000000023,70.0,0.006962294043333333,0.056666666666666664,0,0.0,4,100,30,5.0,0,0.0,35.49712407559573,3.9481330833333335,0.4084215,0.425777,4.1052375535,2.1404442015,4.6376291035,75.86366592039468,8.976473206685977,0.037556894342486685,43.60011044265576,0.0003152638597492012,-119.46377636305046,-0.09238259071892725,-0.059141466104861255,190,0.4103671706263499,463,137,0.2178060413354531,629,screening,oat__activation_floor_pct_of_safe_tvl-0p002,"{""activation_floor_pct_of_safe_tvl"":0.002}",300,0.6499999999999999
large,20270829,5.0,300,1.0,280,20,0.9333333333333333,331.36,8416.761494528324,13.066666666666666,63.86484597063333,70.0,90.0,110.0,0.005081962046666667,0.3466666666666667,0,0.0,6,716,89,5.0,0,0.0,20.26266416510319,6.19939097,0.2965835,0.5121935,52.156464417500004,19.540912942,42.338644707,848.7418883107855,57.32590615232322,0.04429885619709364,5.9462377408894245,2.354919107844124e-06,-854.6881260516693,-0.07764310722929009,-0.0446092114820457,436,0.2087123025370991,2089,170,0.1559633027522936,1090,screening,oat__activation_floor_pct_of_safe_tvl-0p002,"{""activation_floor_pct_of_safe_tvl"":0.002}",300,0.6499999999999999
small,20270811,0.2,300,1.0,268,32,0.8933333333333333,31.79,34.65669555172,5.433333333333334,0.9416286757766666,20.0,30.0,60.0,0.008266209366666666,0.02666666666666667,0,0.0,0,22,8,5.0,0,0.0,60.41958041958042,3.3817367933333333,0.434568,0.38167399999999996,0.547073673,0.2324000995,0.5035335495,10.409804589633872,2.0965200851850034,0.03685035250598384,19.344641473322625,0.0018605968404627235,-29.75444606295652,-0.10846955134710512,-0.10532972224397859,124,0.8611111111111112,144,140,0.24822695035460993,564,screening,oat__activation_floor_pct_of_safe_tvl-0p005,"{""activation_floor_pct_of_safe_tvl"":0.005}",300,0.6499999999999999
medium,20270817,1.0,300,1.0,276,24,0.92,95.36666666666666,493.27034270795997,6.91,7.013191937656667,40.0,60.0,80.0,0.006888546033333333,0.08666666666666667,1,10.0,5,116,30,5.0,0,0.0,34.44976076555024,3.9542297866666667,0.4077805,0.42407300000000003,4.4467404045,2.037830933,4.415300355499999,81.50139875001985,9.359012296652995,0.03873718722968628,66.65418350320257,0.00045042361650532805,-148.15558225322243,-0.09165175831237185,-0.07041757094831284,269,0.5153256704980843,522,128,0.20189274447949526,634,screening,oat__activation_floor_pct_of_safe_tvl-0p005,"{""activation_floor_pct_of_safe_tvl"":0.005}",300,0.6499999999999999
large,20270829,5.0,300,1.0,265,35,0.8833333333333333,318.1166666666667,7998.640672863883,12.816666666666666,63.689146599863335,60.0,100.0,140.0,0.005504083066666667,0.39666666666666667,88,2080.0,6,661,99,5.0,0,1e-12,20.168067226890756,6.150999336666667,0.294612,0.50642,50.571729048,18.359771827,39.779505625,851.042917798284,57.21296926375018,0.04454149376214706,1013.0287746483793,0.00042216705566200006,-1864.0716924466653,-0.07876355025093636,-0.09756092897889285,1169,0.5827517447657029,2006,164,0.15255813953488373,1075,screening,oat__activation_floor_pct_of_safe_tvl-0p005,"{""activation_floor_pct_of_safe_tvl"":0.005}",300,0.6499999999999999
small,20270811,0.2,300,1.0,267,33,0.89,29.866666666666667,28.545962242583332,5.1466666666666665,0.8981655087933333,20.0,30.0,50.0,0.008460805666666666,0.01,0,0.0,0,19,11,5.0,0,0.0,67.1850699844479,3.2135621266666665,0.45534600000000003,0.38304649999999996,0.480774447,0.20000316,0.433340181,9.869674307112252,2.2103158634901465,0.03662901106193648,20.992272528555073,0.002451283343234667,-30.86194683566731,-0.11084900361541876,-0.11453697020396475,125,0.946969696969697,132,137,0.2433392539964476,563,screening,oat__minimum_player_deposit_sol-0p005,"{""minimum_player_deposit_sol"":0.005}",300,0.6499999999999999
medium,20270817,1.0,300,1.0,280,20,0.9333333333333333,89.66666666666667,460.99068123804335,6.86,6.733221445183333,40.0,51.00000000000023,70.0,0.006962294043333333,0.056666666666666664,0,0.0,4,100,30,5.0,0,0.0,35.49712407559573,3.9481330833333335,0.4084215,0.425777,4.1052375535,2.1404442015,4.6376291035,75.86366592039468,8.976473206685977,0.037556894342486685,43.60011044265576,0.0003152638597492012,-119.46377636305046,-0.09238259071892725,-0.059141466104861255,190,0.4103671706263499,463,137,0.2178060413354531,629,screening,oat__minimum_player_deposit_sol-0p005,"{""minimum_player_deposit_sol"":0.005}",300,0.6499999999999999
large,20270829,5.0,300,1.0,280,20,0.9333333333333333,331.36,8416.761494528324,13.066666666666666,63.86484597063333,70.0,90.0,110.0,0.005081962046666667,0.3466666666666667,0,0.0,6,716,89,5.0,0,0.0,20.26266416510319,6.19939097,0.2965835,0.5121935,52.156464417500004,19.540912942,42.338644707,848.7418883107855,57.32590615232322,0.04429885619709364,5.9462377408894245,2.354919107844124e-06,-854.6881260516693,-0.07764310722929009,-0.0446092114820457,436,0.2087123025370991,2089,170,0.1559633027522936,1090,screening,oat__minimum_player_deposit_sol-0p005,"{""minimum_player_deposit_sol"":0.005}",300,0.6499999999999999
small,20270811,0.2,300,1.0,265,35,0.8833333333333333,37.89,37.82201895958333,5.33,0.97824730649,20.0,40.0,70.0,0.0081490357,0.023333333333333334,0,0.0,4,24,14,5.0,0,0.0,54.961832061068705,3.47143352,0.4245995,0.33385200000000004,0.572179749,0.231540548,0.501671188,10.755595668651711,1.9704908095239777,0.036649204474491236,25.071837051265792,0.002209633236665446,-35.827432719917496,-0.107337317490555,-0.12208035221845927,149,0.8277777777777777,180,144,0.22966507177033493,627,screening,oat__minimum_player_deposit_sol-0p025,"{""minimum_player_deposit_sol"":0.025}",300,0.6499999999999999
medium,20270817,1.0,300,1.0,275,25,0.9166666666666666,101.50666666666666,506.28489870628334,6.953333333333333,7.02611167321,40.0,60.0,80.0,0.0068751653199999995,0.09,0,0.0,3,110,30,5.0,0,0.0,34.3402225755167,3.8948400666666667,0.4081705,0.436662,4.602661411,1.853874121,4.016727262,80.77698277596878,9.24633189168482,0.03832227863383994,73.7457685505755,0.0004855353756947196,-154.52275132654415,-0.09038644079531623,-0.0733088031775938,344,0.6454033771106942,533,122,0.19092331768388107,639,screening,oat__minimum_player_deposit_sol-0p025,"{""minimum_player_deposit_sol"":0.025}",300,0.6499999999999999
large,20270829,5.0,300,1.0,280,20,0.9333333333333333,331.36,8416.761494528324,13.066666666666666,63.86484597063333,70.0,90.0,110.0,0.005081962046666667,0.3466666666666667,0,0.0,6,716,89,5.0,0,0.0,20.26266416510319,6.19939097,0.2965835,0.5121935,52.156464417500004,19.540912942,42.338644707,848.7418883107855,57.32590615232322,0.04429885619709364,5.9462377408894245,2.354919107844124e-06,-854.6881260516693,-0.07764310722929009,-0.0446092114820457,436,0.2087123025370991,2089,170,0.1559633027522936,1090,screening,oat__minimum_player_deposit_sol-0p025,"{""minimum_player_deposit_sol"":0.025}",300,0.6499999999999999
small,20270811,0.2,300,1.0,263,37,0.8766666666666667,24.966666666666665,44.97727260048333,4.63,1.0267439527433333,20.0,40.0,80.0,0.008007803856666666,0.02,0,0.0,0,22,9,5.0,0,0.0,48.4304932735426,3.2841895633333333,0.436946,0.2890005,0.510926466,0.307402908,0.666039634,10.77649652627529,1.7397034750937688,0.03498599138724508,27.47311214909405,0.0020360736701494895,-38.24960867536936,-0.10301577523497098,-0.124177693225174,107,0.7925925925925926,135,113,0.1934931506849315,584,screening,oat__minimum_player_deposit_sol-0p05,"{""minimum_player_deposit_sol"":0.05}",300,0.6499999999999999
medium,20270817,1.0,300,1.0,281,19,0.9366666666666666,102.54,541.33681257377,7.1466666666666665,7.29431897696,40.0,60.0,70.0,0.006801937,0.08,0,0.0,2,122,33,5.0,0,0.0,33.59253499222395,4.122673276666666,0.390932,0.4239,4.895792989,2.166317263,4.693687403,86.44042939419394,9.67917716389108,0.039501256465123355,27.156406246571557,0.00016721817554741456,-113.59683564076538,-0.09034500192939396,-0.051911099582919756,207,0.39579349904397704,523,141,0.2025862068965517,696,screening,oat__minimum_player_deposit_sol-0p05,"{""minimum_player_deposit_sol"":0.05}",300,0.6499999999999999
large,20270829,5.0,300,1.0,280,20,0.9333333333333333,331.36,8416.761494528324,13.066666666666666,63.86484597063333,70.0,90.0,110.0,0.005081962046666667,0.3466666666666667,0,0.0,6,716,89,5.0,0,0.0,20.26266416510319,6.19939097,0.2965835,0.5121935,52.156464417500004,19.540912942,42.338644707,848.7418883107855,57.32590615232322,0.04429885619709364,5.9462377408894245,2.354919107844124e-06,-854.6881260516693,-0.07764310722929009,-0.0446092114820457,436,0.2087123025370991,2089,170,0.1559633027522936,1090,screening,oat__minimum_player_deposit_sol-0p05,"{""minimum_player_deposit_sol"":0.05}",300,0.6499999999999999
small,20270811,0.2,300,1.0,276,24,0.92,23.46,40.30434762512667,3.243333333333333,0.9714556778033333,30.0,60.0,120.0,0.008179008113333334,0.02666666666666667,0,0.0,5,20,12,5.0,0,0.0,40.563380281690144,2.6051904066666665,0.5141785,0.1927605,0.4693099805,0.2048730535,0.443891617,9.025075856565143,1.2202919468031743,0.030967533440718387,15.745036590497152,0.0013021785091228662,-24.770112447062292,-0.10134435120654654,-0.08499311227137944,83,0.664,125,125,0.19290123456790123,648,screening,oat__minimum_player_deposit_sol-0p1,"{""minimum_player_deposit_sol"":0.1}",300,0.6499999999999999
medium,20270817,1.0,300,1.0,265,35,0.8833333333333333,98.89333333333333,537.2828119248567,6.823333333333333,7.3145880098,40.0,60.0,90.0,0.006889603143333333,0.07,0,0.0,2,98,23,5.0,0,0.0,34.096290449881614,3.78030127,0.41450200000000004,0.4480545,4.79260641,2.140398961,4.637531083,85.71150408743637,9.741481127538151,0.039059618018404275,173.79942225432302,0.001078261568500416,-259.5109263417592,-0.08943790069020874,-0.11826181050528514,356,0.6833013435700576,521,127,0.19011976047904192,668,screening,oat__minimum_player_deposit_sol-0p1,"{""minimum_player_deposit_sol"":0.1}",300,0.6499999999999999
large,20270829,5.0,300,1.0,280,20,0.9333333333333333,331.36,8416.761494528324,13.066666666666666,63.86484597063333,70.0,90.0,110.0,0.005081962046666667,0.3466666666666667,0,0.0,6,716,89,5.0,0,0.0,20.26266416510319,6.19939097,0.2965835,0.5121935,52.156464417500004,19.540912942,42.338644707,848.7418883107855,57.32590615232322,0.04429885619709364,5.9462377408894245,2.354919107844124e-06,-854.6881260516693,-0.07764310722929009,-0.0446092114820457,436,0.2087123025370991,2089,170,0.1559633027522936,1090,screening,oat__minimum_player_deposit_sol-0p1,"{""minimum_player_deposit_sol"":0.1}",300,0.6499999999999999
small,20270811,0.2,300,1.0,274,26,0.9133333333333333,32.38333333333333,31.13775764705,5.226666666666667,0.9304058559533334,20.0,30.0,50.0,0.008380578666666666,0.03,0,0.0,4,22,12,5.0,0,0.0,63.810930576070895,3.372602233333333,0.434601,0.377102,0.48939283050000004,0.22636754250000002,0.490463009,9.815314393012908,2.087747817716187,0.035164992174143636,15.119994692441729,0.0016186130960176577,-24.935309085454666,-0.10980119952612831,-0.08933488156773213,125,0.8223684210526315,152,127,0.2351851851851852,540,screening,oat__minimum_staker_deposit_sol-0p05,"{""minimum_staker_deposit_sol"":0.05}",300,0.6499999999999999
medium,20270817,1.0,300,1.0,280,20,0.9333333333333333,89.66666666666667,460.99068123804335,6.86,6.733221445183333,40.0,51.00000000000023,70.0,0.006962294043333333,0.056666666666666664,0,0.0,4,100,30,5.0,0,0.0,35.49712407559573,3.9481330833333335,0.4084215,0.425777,4.1052375535,2.1404442015,4.6376291035,75.86366592039468,8.976473206685977,0.037556894342486685,43.60011044265576,0.0003152638597492012,-119.46377636305046,-0.09238259071892725,-0.059141466104861255,190,0.4103671706263499,463,137,0.2178060413354531,629,screening,oat__minimum_staker_deposit_sol-0p05,"{""minimum_staker_deposit_sol"":0.05}",300,0.6499999999999999
large,20270829,5.0,300,1.0,280,20,0.9333333333333333,331.36,8416.761494528324,13.066666666666666,63.86484597063333,70.0,90.0,110.0,0.005081962046666667,0.3466666666666667,0,0.0,6,716,89,5.0,0,0.0,20.26266416510319,6.19939097,0.2965835,0.5121935,52.156464417500004,19.540912942,42.338644707,848.7418883107855,57.32590615232322,0.04429885619709364,5.9462377408894245,2.354919107844124e-06,-854.6881260516693,-0.07764310722929009,-0.0446092114820457,436,0.2087123025370991,2089,170,0.1559633027522936,1090,screening,oat__minimum_staker_deposit_sol-0p05,"{""minimum_staker_deposit_sol"":0.05}",300,0.6499999999999999
small,20270811,0.2,300,1.0,271,29,0.9033333333333333,28.83,39.94431814995333,5.513333333333334,0.9471690668966667,20.0,40.0,70.0,0.008124223363333334,0.02666666666666667,0,0.0,1,17,10,5.0,0,0.0,56.03112840466926,3.4225632033333335,0.45378,0.3591745,0.491449089,0.284753832,0.616966637,10.107861394262713,1.8878495989284443,0.03557218293097484,20.54992785969554,0.0017148811822288797,-30.657789253958267,-0.10383686260592932,-0.10789270302223279,116,0.8467153284671532,137,136,0.24329159212880144,559,screening,oat__minimum_staker_deposit_sol-0p25,"{""minimum_staker_deposit_sol"":0.25}",300,0.6499999999999999
medium,20270817,1.0,300,1.0,280,20,0.9333333333333333,89.66666666666667,461.06743116749,6.86,6.73337866735,40.0,51.00000000000023,70.0,0.006962294043333333,0.056666666666666664,0,0.0,4,100,30,5.0,0,0.0,35.49712407559573,3.948092203333333,0.40842449999999997,0.42578550000000004,4.105270616,2.140439055,4.637617952,75.86556208102809,8.976697567516881,0.03755695608847832,43.59404658103867,0.00031516754118916465,-119.45960866206686,-0.0923783280536644,-0.05913802196675481,190,0.4103671706263499,463,137,0.2178060413354531,629,screening,oat__minimum_staker_deposit_sol-0p25,"{""minimum_staker_deposit_sol"":0.25}",300,0.6499999999999999
large,20270829,5.0,300,1.0,280,20,0.9333333333333333,331.36,8416.761494528324,13.066666666666666,63.86484597063333,70.0,90.0,110.0,0.005081962046666667,0.3466666666666667,0,0.0,6,716,89,5.0,0,0.0,20.26266416510319,6.19939097,0.2965835,0.5121935,52.156464417500004,19.540912942,42.338644707,848.7418883107855,57.32590615232322,0.04429885619709364,5.9462377408894245,2.354919107844124e-06,-854.6881260516693,-0.07764310722929009,-0.0446092114820457,436,0.2087123025370991,2089,170,0.1559633027522936,1090,screening,oat__minimum_staker_deposit_sol-0p25,"{""minimum_staker_deposit_sol"":0.25}",300,0.6499999999999999
small,20270811,0.2,300,1.0,262,38,0.8733333333333333,25.593333333333334,44.26377837374667,5.48,1.0774052796766667,20.0,40.0,60.0,0.00804240348,0.056666666666666664,1,10.0,2,28,7,5.0,0,0.0,53.59801488833747,3.40100202,0.45561850000000004,0.390819,0.568298043,0.310725529,0.673238646,11.575856994816055,2.0681431851780543,0.035813997490619365,34.680877298428854,0.002611682250710471,-46.256734293244925,-0.1049428187386698,-0.14311152657158777,131,0.891156462585034,147,126,0.22144112478031636,569,screening,oat__minimum_staker_deposit_sol-0p5,"{""minimum_staker_deposit_sol"":0.5}",300,0.6499999999999999
medium,20270817,1.0,300,1.0,280,20,0.9333333333333333,89.66666666666667,461.5819552475833,6.86,6.734407464423334,40.0,51.00000000000023,70.0,0.006962294043333333,0.056666666666666664,0,0.0,4,100,30,5.0,0,0.0,35.49712407559573,3.94782165,0.4084455,0.4258735,4.105773091,2.140401577,4.637536750000001,75.87824374696949,8.978198109748238,0.03755749566576362,43.53953134086137,0.0003144225407562971,-119.41777508783079,-0.09234888579535311,-0.05910828122528153,190,0.4103671706263499,463,137,0.2178060413354531,629,screening,oat__minimum_staker_deposit_sol-0p5,"{""minimum_staker_deposit_sol"":0.5}",300,0.6499999999999999
large,20270829,5.0,300,1.0,280,20,0.9333333333333333,331.36,8416.761494528324,13.066666666666666,63.86484597063333,70.0,90.0,110.0,0.005081962046666667,0.3466666666666667,0,0.0,6,716,89,5.0,0,0.0,20.26266416510319,6.19939097,0.2965835,0.5121935,52.156464417500004,19.540912942,42.338644707,848.7418883107855,57.32590615232322,0.04429885619709364,5.9462377408894245,2.354919107844124e-06,-854.6881260516693,-0.07764310722929009,-0.0446092114820457,436,0.2087123025370991,2089,170,0.1559633027522936,1090,screening,oat__minimum_staker_deposit_sol-0p5,"{""minimum_staker_deposit_sol"":0.5}",300,0.6499999999999999
small,20270811,0.2,300,1.0,264,36,0.88,27.01,45.58510757211333,5.723333333333334,1.12056085693,20.0,40.0,70.0,0.007916928066666667,0.05,0,0.0,4,24,6,5.0,0,0.0,51.36741973840666,3.4848697066666667,0.436434,0.3901645,0.6348110785000001,0.323171223,0.7002043165,12.325652178409156,2.1104564966598316,0.03666512800913437,28.729223866866747,0.002100775552733501,-41.05487604527592,-0.10598740088782439,-0.12212597465925472,140,0.9459459459459459,148,130,0.2181208053691275,596,screening,oat__minimum_staker_deposit_sol-1,"{""minimum_staker_deposit_sol"":1.0}",300,0.6499999999999999
medium,20270817,1.0,300,1.0,277,23,0.9233333333333333,98.03333333333333,591.0211263830133,7.23,7.8783662054366665,40.0,60.0,90.0,0.006806826796666667,0.12333333333333334,0,0.0,4,108,35,5.0,0,0.0,33.30763299922899,4.06350513,0.3873345,0.4423355,5.207844149,2.134542814,4.624842763,92.8153358977028,10.304863815936162,0.03927012846633658,71.80328913609402,0.00040496741391475317,-164.61862503379692,-0.08939905517427602,-0.06965006903766309,248,0.4834307992202729,513,138,0.2,690,screening,oat__minimum_staker_deposit_sol-1,"{""minimum_staker_deposit_sol"":1.0}",300,0.6499999999999999
large,20270829,5.0,300,1.0,280,20,0.9333333333333333,331.36,8416.952979636802,13.066666666666666,63.86487839812333,70.0,90.0,110.0,0.005081962046666667,0.3466666666666667,0,0.0,6,716,89,5.0,0,1e-12,20.26266416510319,6.199389026666666,0.2965835,0.5121935,52.156464417500004,19.540912942,42.338644707,848.7423822325011,57.32593951288938,0.04429885948379844,5.943434201522553,2.353755258742504e-06,-854.6858164340192,-0.07764299511587798,-0.04460906828455609,436,0.2087123025370991,2089,170,0.1559633027522936,1090,screening,oat__minimum_staker_deposit_sol-1,"{""minimum_staker_deposit_sol"":1.0}",300,0.6499999999999999
small,20270811,0.2,300,1.0,272,28,0.9066666666666666,33.416666666666664,38.03763286803,3.973333333333333,0.78879328577,20.0,40.0,60.0,0.008204713033333333,0.02,0,0.0,3,25,12,2.0,0,0.0,66.3594470046083,2.47592115,0.563557,0.38604099999999997,0.342819724,0.15414177699999998,0.3339738505,6.911311328377056,1.5287693260926207,0.0292062633436778,14.514471141108848,0.001271939572008087,-21.4257824694859,-0.09511773762848273,-0.09054244779551936,128,0.7852760736196319,163,99,0.2911764705882353,340,screening,oat__countdown_minutes-2,"{""countdown_minutes"":2}",300,0.6499999999999999
medium,20270817,1.0,300,1.0,268,32,0.8933333333333333,97.19666666666667,476.80847662189666,5.756666666666667,5.136022911983333,40.0,60.0,80.0,0.00675129042,0.07333333333333333,0,0.0,0,124,24,2.0,0,0.0,35.64356435643565,3.63648158,0.4042025,0.38727,3.428853014,1.4548697065,3.152217698,58.840244707556394,6.990920163274027,0.03818794276940809,76.58216766132209,0.0005353803565175207,-135.42241236887853,-0.07983865648101879,-0.08789058167485436,392,0.7552986512524085,519,119,0.2826603325415677,421,screening,oat__countdown_minutes-2,"{""countdown_minutes"":2}",300,0.6499999999999999
large,20270829,5.0,300,1.0,273,27,0.91,324.9866666666667,7717.156571323013,11.416666666666666,53.05647377702667,60.0,90.0,100.0,0.00516366533,0.30666666666666664,0,0.0,2,689,105,2.0,0,0.0,21.686746987951807,5.74017803,0.30655299999999996,0.481698,41.656340362,15.945040932,34.547588685,692.7850383795685,50.08084614792061,0.043525008295314645,406.61166304198554,0.0001756310368480174,-1099.396701421554,-0.07684598227412051,-0.06907084867355014,825,0.3979739507959479,2073,159,0.19226118500604594,827,screening,oat__countdown_minutes-2,"{""countdown_minutes"":2}",300,0.6499999999999999
small,20270811,0.2,300,1.0,271,29,0.9033333333333333,35.06,47.6680726759,8.406666666666666,1.6455151547666667,20.0,40.0,60.0,0.007897269066666667,0.04666666666666667,0,0.0,1,33,9,10.0,0,0.0,43.199999999999996,4.73024863,0.3489445,0.4209825,1.101757436,0.450154842,0.975335491,20.19491388800063,2.9080675998720906,0.04090900009742792,41.204592691237075,0.002881355057880581,-61.39950657923772,-0.11729584423507235,-0.12437747615871343,142,0.7675675675675676,185,168,0.16,1050,screening,oat__countdown_minutes-10,"{""countdown_minutes"":10}",300,0.6499999999999999
medium,20270817,1.0,300,1.0,271,29,0.9033333333333333,101.24666666666667,543.6970641439233,10.173333333333334,10.310966438706666,40.0,60.0,90.0,0.006620800113333334,0.10666666666666667,0,0.0,5,124,25,10.0,0,0.0,28.552544613350957,5.43114527,0.314075,0.456118,7.612819513,3.239336628,7.018562693,131.1383335462853,12.4811103970027,0.0423944526525341,208.25281635709388,0.0012767699152774702,-339.3911499033792,-0.10525808888031288,-0.1097185059942031,414,0.7568555758683729,547,171,0.14805194805194805,1155,screening,oat__countdown_minutes-10,"{""countdown_minutes"":10}",300,0.6499999999999999
large,20270829,5.0,300,1.0,268,32,0.8933333333333333,331.28,8326.173181945067,14.976666666666667,75.43425810205666,70.0,90.0,130.0,0.00514117674,0.2866666666666667,0,0.0,2,655,111,10.0,0,1e-12,19.225634178905207,6.884756356666666,0.2822835,0.5209895,59.5904258715,20.433762936,44.273153027999996,1024.4566755926085,65.6527642569362,0.045269293703248954,956.4330389830325,0.00038290221212990323,-1980.889714575643,-0.08333410047525514,-0.08753271897125083,1235,0.5866983372921615,2105,186,0.1257606490872211,1479,screening,oat__countdown_minutes-10,"{""countdown_minutes"":10}",300,0.6499999999999999
small,20270811,0.2,300,1.0,269,31,0.8966666666666666,31.67,54.5751146588,11.203333333333333,2.2232853578,30.0,40.0,60.0,0.007768681699999999,0.04666666666666667,0,0.0,2,17,5,15.0,0,0.0,36.03002502085071,5.769450033333333,0.3138725,0.4619855,1.513883664,0.645994304,1.399654326,27.866966731807047,3.3468250286740737,0.04178046186475164,52.95942530050958,0.003234650422120558,-80.82639203231663,-0.12160641138014054,-0.12118161343040053,144,0.8888888888888888,162,186,0.12408272181454302,1499,screening,oat__countdown_minutes-15,"{""countdown_minutes"":15}",300,0.6499999999999999
medium,20270817,1.0,300,1.0,273,27,0.91,92.71666666666667,486.6487477279433,12.296666666666667,12.90369324635,40.0,60.0,90.0,0.006915850673333333,0.06666666666666667,0,0.0,4,117,28,15.0,0,0.0,27.88896061975468,6.09783914,0.28000400000000003,0.4707095,9.092863886,2.782418514,6.028573447,163.08734257552047,15.161121582230438,0.04212937062848321,244.1350517729913,0.0016722194595369829,-407.2223943485126,-0.11417633361742108,-0.10519530767252769,397,0.7590822179732314,523,177,0.11683168316831684,1515,screening,oat__countdown_minutes-15,"{""countdown_minutes"":15}",300,0.6499999999999999
large,20270829,5.0,300,1.0,269,31,0.8966666666666666,338.2633333333333,8431.617843910197,18.696666666666665,91.39082903095667,70.0,90.0,120.0,0.0050548948833333334,0.37,0,0.0,4,691,110,15.0,0,1e-12,17.66148814390842,8.554247143333333,0.2315875,0.5077670000000001,73.362513729,27.267909992,59.08047165,1273.3935725370886,74.96675161297661,0.04644498016701994,1439.6880475942753,0.0005691624368523381,-2713.081620131372,-0.09035423907220692,-0.09895528354792126,1196,0.5786163522012578,2067,201,0.09481132075471699,2120,screening,oat__countdown_minutes-15,"{""countdown_minutes"":15}",300,0.6499999999999999
small,20270811,0.2,300,1.0,272,28,0.9066666666666666,30.55666666666667,37.91120805166,5.456666666666667,0.99563329913,20.0,40.0,50.0,0.008252470666666666,0.03333333333333333,0,0.0,3,16,9,5.0,0,0.0,59.668508287292816,3.3408547299999998,0.4401715,0.38774149999999996,0.5699085779999999,0.2931571075,0.6351737319999999,10.724969056966703,2.133143016855256,0.03590669063378503,22.028898445166075,0.001936885297451546,-32.75386750213276,-0.11854654563476158,-0.10965840378766487,122,0.8299319727891157,147,131,0.2158154859967051,607,screening,oat__safe_erosion_on_risk_win_rate-0p00035,"{""safe_erosion_on_risk_win_rate"":0.00035}",300,0.6499999999999999
medium,20270817,1.0,300,1.0,274,26,0.9133333333333333,97.73333333333333,464.7383106038667,7.016666666666667,6.783623142993333,30.0,60.0,80.0,0.00697330434,0.06333333333333334,0,0.0,3,105,24,5.0,0,0.0,35.526315789473685,4.18208799,0.3772615,0.41454,4.392391928,1.6008982295,3.4686128295,76.17397236712623,9.020601990843895,0.037430328287917314,101.86997594212572,0.0007306619203235688,-178.0439483092522,-0.11145907203292021,-0.08748714590823047,321,0.6196911196911197,518,143,0.20754716981132076,689,screening,oat__safe_erosion_on_risk_win_rate-0p00035,"{""safe_erosion_on_risk_win_rate"":0.00035}",300,0.6499999999999999
large,20270829,5.0,300,1.0,276,24,0.92,339.77666666666664,8315.163130452587,12.846666666666666,65.61067824637,60.0,90.0,110.0,0.00518939938,0.30666666666666664,0,0.0,4,694,101,5.0,0,1e-12,20.819277108433734,6.31508263,0.2879045,0.4981835,51.7768810225,20.114270034500002,43.580918408,859.6713117299674,59.65911753692305,0.04367537595541365,750.3039484473437,0.00030077740174834283,-1609.9752601773112,-0.0988401138293405,-0.0817943716484588,1046,0.5019193857965452,2084,167,0.15349264705882354,1088,screening,oat__safe_erosion_on_risk_win_rate-0p00035,"{""safe_erosion_on_risk_win_rate"":0.00035}",300,0.6499999999999999
small,20270811,0.2,300,1.0,268,32,0.8933333333333333,32.21666666666667,33.236513952753334,5.343333333333334,0.9138156753866666,20.0,30.0,50.0,0.008274975666666667,0.023333333333333334,0,0.0,0,25,6,5.0,0,0.0,60.845070422535215,3.36914901,0.446342,0.37615200000000004,0.525091789,0.2127721505,0.461006327,10.145192363947293,2.0576164794484653,0.03700670582775358,20.767749416303985,0.0020828246754784957,-30.912941780251266,-0.11482336801772032,-0.11276140478100603,130,0.8333333333333334,156,137,0.2382608695652174,575,screening,oat__safe_erosion_on_risk_win_rate-0p0005,"{""safe_erosion_on_risk_win_rate"":0.0005}",300,0.6499999999999999
medium,20270817,1.0,300,1.0,279,21,0.93,96.75,511.97978258524,7.053333333333334,7.226319542133333,40.0,60.0,80.0,0.00684702623,0.10333333333333333,0,0.0,4,104,28,5.0,0,0.0,34.01574803149606,3.9677027166666665,0.406639,0.4285485,4.478333796,1.992035355,4.316076602,80.23536084182483,9.097552725372264,0.037010708043935504,59.739670289601925,0.00038894550345944446,-139.97503113142676,-0.10109781108590286,-0.06456723016250844,286,0.5607843137254902,510,143,0.21279761904761904,672,screening,oat__safe_erosion_on_risk_win_rate-0p0005,"{""safe_erosion_on_risk_win_rate"":0.0005}",300,0.6499999999999999
large,20270829,5.0,300,1.0,277,23,0.9233333333333333,334.8333333333333,8491.372340188207,12.85,68.1019556561,60.0,90.0,120.0,0.005229540923333333,0.35,0,0.0,5,689,97,5.0,0,1e-12,20.950533462657614,6.051760566666666,0.2998375,0.5149710000000001,53.39699728,20.747747934,44.953453857,878.9338219038399,61.380441490859816,0.04302048859126564,311.0802644328908,0.00012211621081184616,-1190.0140863367303,-0.0862146532323836,-0.05824669178596685,669,0.32428502181289387,2063,156,0.14786729857819905,1055,screening,oat__safe_erosion_on_risk_win_rate-0p0005,"{""safe_erosion_on_risk_win_rate"":0.0005}",300,0.6499999999999999
small,20270811,0.2,300,1.0,267,33,0.89,35.50333333333333,32.560495196043334,5.47,1.00499863981,20.0,30.0,50.0,0.008322745666666666,0.03,0,0.0,3,20,5,5.0,0,0.0,62.15827338129496,3.424114203333333,0.4364445,0.38140799999999997,0.586567543,0.329246227,0.713366826,11.234122882882845,2.3276456045109777,0.03726082284385551,26.1701266250431,0.0026791286462808693,-37.40424950792593,-0.10329802807463472,-0.12406069695443395,150,0.8571428571428571,175,137,0.2257001647446458,607,screening,oat__safe_erosion_on_risk_win_rate-0p001,"{""safe_erosion_on_risk_win_rate"":0.001}",300,0.6499999999999999
medium,20270817,1.0,300,1.0,280,20,0.9333333333333333,99.17,542.9576725262866,7.226666666666667,7.25868321957,40.0,60.0,80.0,0.006787919553333333,0.05333333333333334,0,0.0,4,115,25,5.0,0,0.0,33.333333333333336,4.130792233333334,0.389977,0.4277145,4.8822253159999995,1.8566491335,4.022739789,85.95546012858931,9.550606680954367,0.039472476172559126,19.366711077864416,0.00011889638338199559,-105.32217120645372,-0.07994878859795433,-0.04836605943554467,139,0.26425855513307983,526,139,0.21319018404907975,652,screening,oat__safe_erosion_on_risk_win_rate-0p001,"{""safe_erosion_on_risk_win_rate"":0.001}",300,0.6499999999999999
large,20270829,5.0,300,1.0,280,20,0.9333333333333333,331.36,8413.46961249539,13.066666666666666,63.87755404895,70.0,90.0,110.0,0.005081962046666667,0.3466666666666667,0,0.0,6,716,89,5.0,0,0.0,20.26266416510319,6.1986593333333335,0.296895,0.512258,52.156464417500004,19.540912942,42.338644707,849.9220018051659,57.40561363036768,0.04435162525446019,-15.809670501073194,-6.263634873296199e-06,-834.112331304089,-0.076560898759174,-0.04352662651343366,412,0.19722355193872668,2089,170,0.1559633027522936,1090,screening,oat__safe_erosion_on_risk_win_rate-0p001,"{""safe_erosion_on_risk_win_rate"":0.001}",300,0.6499999999999999
small,20270811,0.2,300,1.0,263,37,0.8766666666666667,27.9,37.81704929266,5.36,0.9770882987833334,20.0,40.0,60.0,0.008150068699999999,0.043333333333333335,0,0.0,2,16,11,5.0,0,0.0,56.61861074705112,3.28771327,0.4589685,0.3880785,0.578134729,0.273500228,0.592583828,10.887636633958925,2.0548095351115143,0.03714313451341829,22.13692859502159,0.0019512300235895804,-33.024565228980535,-0.08729478269363766,-0.11266318943096061,137,0.8838709677419355,155,139,0.24428822495606328,569,screening,oat__safe_erosion_on_risk_win_rate-0p0015,"{""safe_erosion_on_risk_win_rate"":0.0015}",300,0.6499999999999999
medium,20270817,1.0,300,1.0,277,23,0.9233333333333333,97.76333333333334,525.0578879769366,7.23,7.555309411926666,40.0,60.0,80.0,0.006852662763333333,0.056666666666666664,0,0.0,7,98,29,5.0,0,0.0,34.06940063091483,4.123020516666666,0.3932675,0.425848,5.012207961,2.124763113,4.603653411,90.7710065859297,10.308379296824825,0.04004733697278725,46.01406715270653,0.00029212059727991817,-136.78507373863616,-0.07544815293182396,-0.0603483220787356,217,0.4071294559099437,533,132,0.2018348623853211,654,screening,oat__safe_erosion_on_risk_win_rate-0p0015,"{""safe_erosion_on_risk_win_rate"":0.0015}",300,0.6499999999999999
large,20270829,5.0,300,1.0,280,20,0.9333333333333333,331.36,8413.33778484599,13.066666666666666,63.878078339253335,70.0,90.0,110.0,0.005081962046666667,0.3466666666666667,0,0.0,6,716,89,5.0,0,0.0,20.26266416510319,6.19864071,0.296895,0.512258,52.156464417500004,19.540912942,42.338644707,849.9700868946765,57.408861403768014,0.044353770442734565,-16.760831441380283,-6.64057946639985e-06,-833.2092554532927,-0.07651887103933687,-0.04347914428630562,411,0.19674485399712782,2089,170,0.1559633027522936,1090,screening,oat__safe_erosion_on_risk_win_rate-0p0015,"{""safe_erosion_on_risk_win_rate"":0.0015}",300,0.6499999999999999
small,20270811,0.2,300,1.0,267,33,0.89,31.953333333333333,34.84289463142667,5.3533333333333335,0.9268030756766666,20.0,30.0,50.0,0.008297355333333332,0.023333333333333334,0,0.0,0,20,8,5.0,0,0.0,61.53846153846154,3.3516664933333336,0.434547,0.38134500000000005,0.544735605,0.245622446,0.532181967,10.258997369910587,2.1044097169047356,0.03689743678799806,21.410823252138247,0.002048320370492093,-31.669820622048867,-0.11071836298571502,-0.11390345102500674,134,0.9054054054054054,148,136,0.24113475177304963,564,screening,oat__risk_tvl_erosion_cap_rate-0p035,"{""risk_tvl_erosion_cap_rate"":0.035}",300,0.6499999999999999
medium,20270817,1.0,300,1.0,279,21,0.93,96.75,513.1284756362934,7.053333333333334,7.22348597451,40.0,60.0,80.0,0.00684702623,0.10333333333333333,0,0.0,4,104,28,5.0,0,0.0,34.01574803149606,3.9676888133333335,0.40613,0.42801500000000003,4.420830685,1.992035355,4.316076602,79.94925642554011,9.0651125395888,0.036893201199375864,64.79192515234699,0.0004208947546193848,-144.74118157788718,-0.10328422695527074,-0.06679193494140502,296,0.5803921568627451,510,142,0.2113095238095238,672,screening,oat__risk_tvl_erosion_cap_rate-0p035,"{""risk_tvl_erosion_cap_rate"":0.035}",300,0.6499999999999999
large,20270829,5.0,300,1.0,269,31,0.8966666666666666,327.43666666666667,8049.4006308267635,13.196666666666667,65.2883809561,60.0,90.0,140.0,0.005170241783333333,0.3566666666666667,0,0.0,1,695,101,5.0,0,1e-12,20.739318290926548,6.26304262,0.300671,0.5104314999999999,49.77385067,19.342079859,41.907839694,847.7953663958463,58.60899316418716,0.043284647486556825,1326.8672631709176,0.0005494683492703868,-2174.6626295667643,-0.10655639604046442,-0.11102856780540109,1367,0.675729115175482,2023,165,0.1446099912357581,1141,screening,oat__risk_tvl_erosion_cap_rate-0p035,"{""risk_tvl_erosion_cap_rate"":0.035}",300,0.6499999999999999
small,20270811,0.2,300,1.0,267,33,0.89,31.953333333333333,34.73748275581,5.3533333333333335,0.9268117196466666,20.0,30.0,50.0,0.008297355333333332,0.023333333333333334,0,0.0,0,20,8,5.0,0,0.0,61.53846153846154,3.35109589,0.434555,0.3815595,0.545660717,0.245696693,0.532342834,10.284576923017605,2.10965680472156,0.0369890910419161,20.882612553347833,0.0020038501062520737,-31.167189476365426,-0.1089156543805033,-0.11209464596271126,133,0.8986486486486487,148,136,0.24113475177304963,564,screening,oat__risk_tvl_erosion_cap_rate-0p05,"{""risk_tvl_erosion_cap_rate"":0.05}",300,0.6499999999999999
medium,20270817,1.0,300,1.0,277,23,0.9233333333333333,92.29,489.88204259590333,6.866666666666666,6.924206597203334,40.0,50.0,70.0,0.006922583676666667,0.04666666666666667,0,0.0,4,103,31,5.0,0,0.0,35.03649635036496,3.91873087,0.415874,0.425913,4.251099533,2.166317263,4.693687403,77.91545124428367,9.099614743857947,0.03750872640327903,74.34588511387564,0.0005058760997505577,-152.26133635815953,-0.0960462817757651,-0.07329905321795639,291,0.6024844720496895,483,132,0.21052631578947367,627,screening,oat__risk_tvl_erosion_cap_rate-0p05,"{""risk_tvl_erosion_cap_rate"":0.05}",300,0.6499999999999999
large,20270829,5.0,300,1.0,276,24,0.92,334.7266666666667,8572.645111645254,13.083333333333334,68.20440819074666,60.0,90.0,110.0,0.005146056746666666,0.3,0,0.0,2,701,104,5.0,0,1e-12,20.66985645933014,6.207990106666666,0.29758249999999997,0.507096,52.6977407945,19.6232223835,42.516981830999995,886.8243088311281,61.10177056061361,0.043341495188549364,582.3136825796346,0.00022642318483031879,-1469.1379914107633,-0.09407264618679079,-0.0718007349956052,1024,0.5007334963325183,2045,166,0.14535901926444833,1142,screening,oat__risk_tvl_erosion_cap_rate-0p05,"{""risk_tvl_erosion_cap_rate"":0.05}",300,0.6499999999999999
small,20270811,0.2,300,1.0,270,30,0.9,34.46333333333333,32.87447440731667,5.33,0.9391744561533333,20.0,30.0,50.0,0.008281912333333332,0.016666666666666666,0,0.0,1,23,5,5.0,0,0.0,61.01694915254237,3.3504748833333333,0.4524275,0.38161449999999997,0.5291233424999999,0.223778065,0.484852474,10.45721712940839,2.1268916195406895,0.03711492598950159,17.57672558413224,0.0017822059922394074,-28.03394271354061,-0.10911880511443013,-0.09949852777570203,140,0.8695652173913043,161,143,0.24612736660929432,581,screening,oat__risk_tvl_erosion_cap_rate-0p1,"{""risk_tvl_erosion_cap_rate"":0.1}",300,0.6499999999999999
medium,20270817,1.0,300,1.0,280,20,0.9333333333333333,89.67333333333333,460.51006285914,6.85,6.7535389668866666,40.0,51.00000000000023,70.0,0.0069672110433333335,0.056666666666666664,0,0.0,4,99,30,5.0,0,0.0,35.55555555555556,3.9295821466666667,0.409122,0.427676,4.078146513,2.141156395,4.6391721885,75.91419465355933,8.997237884866292,0.03746884659325776,39.99541968616247,0.00028950087386325074,-115.90961433972194,-0.09085396714340445,-0.057209321368662816,186,0.403470715835141,461,139,0.22169059011164274,627,screening,oat__risk_tvl_erosion_cap_rate-0p1,"{""risk_tvl_erosion_cap_rate"":0.1}",300,0.6499999999999999
large,20270829,5.0,300,1.0,279,21,0.93,329.85,7902.3511720822,12.67,63.900937820766664,60.0,90.0,110.0,0.005279905693333333,0.31,0,0.0,4,667,100,5.0,0,0.0,21.386138613861384,6.055808753333333,0.308474,0.5037514999999999,53.831265069,17.656693523,38.256169299,869.1604574250678,61.959953400598884,0.0453389515640048,-279.1539179186539,-0.00011775141846596326,-590.0065395064134,-0.06608264771298186,-0.030777145564555932,229,0.11116504854368932,2060,177,0.15351257588898526,1153,screening,oat__risk_tvl_erosion_cap_rate-0p1,"{""risk_tvl_erosion_cap_rate"":0.1}",300,0.6499999999999999
small,20270811,0.2,300,1.0,270,30,0.9,34.46333333333333,32.87447440731667,5.33,0.9391744561533333,20.0,30.0,50.0,0.008281912333333332,0.016666666666666666,0,0.0,1,23,5,5.0,0,0.0,61.01694915254237,3.3504748833333333,0.4524275,0.38161449999999997,0.5291233424999999,0.223778065,0.484852474,10.45721712940839,2.1268916195406895,0.03711492598950159,17.57672558413224,0.0017822059922394074,-28.03394271354061,-0.10911880511443013,-0.09949852777570203,140,0.8695652173913043,161,143,0.24612736660929432,581,screening,oat__risk_tvl_erosion_cap_rate-0p15,"{""risk_tvl_erosion_cap_rate"":0.15}",300,0.6499999999999999
medium,20270817,1.0,300,1.0,280,20,0.9333333333333333,89.67333333333333,460.4626904782,6.85,6.75362046673,40.0,51.00000000000023,70.0,0.0069672110433333335,0.056666666666666664,0,0.0,4,99,30,5.0,0,0.0,35.55555555555556,3.92960393,0.40912099999999996,0.427676,4.0781336029999995,2.1411561895,4.639171744,75.92811184420746,8.998887329683848,0.03747526343746449,39.74860385950066,0.0002877439343907242,-115.67671570370814,-0.09074833473761107,-0.05709368097381257,185,0.40130151843817785,461,139,0.22169059011164274,627,screening,oat__risk_tvl_erosion_cap_rate-0p15,"{""risk_tvl_erosion_cap_rate"":0.15}",300,0.6499999999999999
large,20270829,5.0,300,1.0,270,30,0.9,362.4266666666667,8401.113237689313,13.106666666666667,63.63982454914667,70.0,90.0,110.0,0.005087420563333334,0.37333333333333335,0,0.0,3,738,123,5.0,0,1e-12,20.243673851921276,6.1573475166666665,0.310506,0.5087714999999999,52.441245019,18.246239099,39.533518047499996,863.6300411285001,58.27681627108904,0.045235303902173604,266.7148885673964,0.00010582521665932417,-1130.3449296958972,-0.05733943430105253,-0.05920532400918084,691,0.3156692553677478,2189,178,0.1648148148148148,1080,screening,oat__risk_tvl_erosion_cap_rate-0p15,"{""risk_tvl_erosion_cap_rate"":0.15}",300,0.6499999999999999
small,20270811,0.2,300,1.0,265,35,0.8833333333333333,27.876666666666665,46.893134094736666,5.8,1.1023342829566667,20.0,40.0,70.0,0.007924134996666667,0.07,0,0.0,6,21,10,5.0,0,0.0,50.644783118405634,3.52164849,0.43719549999999996,0.38287249999999995,0.597655551,0.281725558,0.610405375,11.998156048799524,2.0254800363741285,0.03628105749258504,25.79690660645952,0.0018337372911453567,-37.79506265525904,-0.10463665248624769,-0.11428796521349686,118,0.7712418300653595,153,133,0.22129783693843594,601,screening,oat__max_early_boost-0,"{""max_early_boost"":0.0}",300,0.6499999999999999
medium,20270817,1.0,300,1.0,274,26,0.9133333333333333,95.70333333333333,431.02905996777,6.946666666666666,6.964596985716667,30.0,51.00000000000023,80.0,0.007125025643333333,0.09,0,0.0,4,101,32,5.0,0,0.0,37.30569948186529,4.018975656666667,0.404135,0.43278099999999997,4.816673532,1.9028599725,4.122863274,82.75876571423602,10.291245477417952,0.03960926281112017,79.85151676222802,0.0006175261653139184,-162.61028247646408,-0.09596806113773591,-0.07782708404135612,342,0.6881287726358148,497,152,0.21807747489239598,697,screening,oat__max_early_boost-0,"{""max_early_boost"":0.0}",300,0.6499999999999999
large,20270829,5.0,300,1.0,262,38,0.8733333333333333,320.85333333333335,8429.921847208367,12.713333333333333,64.83647484375334,60.0,90.0,120.0,0.005211622536666667,0.29,0,0.0,6,629,107,5.0,0,1e-12,20.97087378640777,6.054245063333333,0.29253450000000003,0.5102789999999999,51.3666395225,19.731994766,42.7526553255,853.0862355575999,59.633212582667184,0.043858349671920184,1296.549614438266,0.0005126775937500253,-2149.6358499958633,-0.07778351529089643,-0.11051576833236619,1219,0.6052631578947368,2014,161,0.15046728971962617,1070,screening,oat__max_early_boost-0,"{""max_early_boost"":0.0}",300,0.6499999999999999
small,20270811,0.2,300,1.0,263,37,0.8766666666666667,30.21,35.506623094476666,5.523333333333333,1.0586046632833332,20.0,40.0,50.0,0.008225701666666667,0.03666666666666667,0,0.0,4,27,12,5.0,0,0.0,58.85558583106267,3.400440236666667,0.4554845,0.3800275,0.549440152,0.309863712,0.671371376,11.590722330183013,2.27392917649367,0.036496855191227556,36.806817379889864,0.0034553945313201256,-48.39753971007289,-0.11005208970110644,-0.1523941259304007,143,0.8562874251497006,167,138,0.22150882825040127,623,screening,oat__max_early_boost-0p25,"{""max_early_boost"":0.25}",300,0.6499999999999999
medium,20270817,1.0,300,1.0,274,26,0.9133333333333333,92.40666666666667,517.8806877641666,7.076666666666667,7.113885177046667,40.0,60.0,100.0,0.00680737328,0.08666666666666667,0,0.0,4,94,25,5.0,0,0.0,33.43653250773994,4.0492617300000004,0.395408,0.42678499999999997,4.6759463960000005,2.007318429,4.3491899295,81.38037662068062,9.070258694565023,0.03813217606381895,73.8657733140882,0.0004754362350202519,-155.24614993476865,-0.08992062581831146,-0.07274325541814043,308,0.6390041493775933,482,144,0.2158920539730135,667,screening,oat__max_early_boost-0p25,"{""max_early_boost"":0.25}",300,0.6499999999999999
large,20270829,5.0,300,1.0,273,27,0.91,330.6333333333333,8071.035048885156,12.653333333333334,62.03306870184,60.0,90.0,110.0,0.005230469626666667,0.25666666666666665,0,0.0,3,704,113,5.0,0,1e-12,21.08345534407028,6.09715342,0.2994405,0.5051215,49.236921597,16.86697184,36.545105653,820.566942919296,57.667954992864146,0.0440929846016659,382.25633409797695,0.00015787166981793643,-1202.8232770172744,-0.07835192601132335,-0.06463344482701651,800,0.38004750593824227,2105,169,0.15973534971644612,1058,screening,oat__max_early_boost-0p25,"{""max_early_boost"":0.25}",300,0.6499999999999999
small,20270811,0.2,300,1.0,267,33,0.89,33.45333333333333,31.892805837003333,5.36,0.9699775039666667,20.0,30.0,50.0,0.008367972,0.016666666666666666,0,0.0,0,26,8,5.0,0,0.0,63.810930576070895,3.37217688,0.437907,0.3756755,0.536439106,0.247786516,0.536870786,10.56644594803646,2.2475158294198674,0.03631165295011346,22.16798602097069,0.0023169264916426693,-32.73443196900717,-0.11028252383365672,-0.11249206583019222,140,0.9210526315789473,152,124,0.2134251290877797,581,screening,oat__max_early_boost-0p75,"{""max_early_boost"":0.75}",300,0.6499999999999999
medium,20270817,1.0,300,1.0,272,28,0.9066666666666666,89.97333333333333,533.7143726394133,7.3966666666666665,7.02144957768,40.0,60.0,90.0,0.006664065336666666,0.10333333333333333,0,0.0,3,108,35,5.0,0,0.0,31.9290465631929,4.1247686266666665,0.39025699999999997,0.4376625,4.804544503500001,1.862545908,4.0355161335,83.28366858111517,8.86389377359984,0.039537737262430775,81.43723067104504,0.0005086193092902736,-164.72089925216022,-0.08901968223992283,-0.0781989043856794,318,0.6723044397463002,473,152,0.20540540540540542,740,screening,oat__max_early_boost-0p75,"{""max_early_boost"":0.75}",300,0.6499999999999999
large,20270829,5.0,300,1.0,266,34,0.8866666666666667,327.34,7774.373251452484,12.69,61.606830428593334,60.0,90.0,100.0,0.00520333495,0.34,0,0.0,2,648,114,5.0,0,1e-12,20.97087378640777,6.09257817,0.30331549999999996,0.5081605,48.3333093675,17.867331919999998,38.7125524935,821.7319969076643,57.44145997801149,0.0444610871441228,814.259596421072,0.0003491212174859001,-1635.9915933287339,-0.07927513277204588,-0.08851786844344413,1163,0.5559273422562141,2092,154,0.14446529080675422,1066,screening,oat__max_early_boost-0p75,"{""max_early_boost"":0.75}",300,0.6499999999999999
small,20270811,0.2,300,1.0,264,36,0.88,30.62,39.3073888912,5.363333333333333,1.0696023466133333,20.0,30.0,60.0,0.008232586033333333,0.04666666666666667,0,0.0,2,31,8,5.0,0,0.0,59.4222833562586,3.27476222,0.469154,0.391925,0.622807295,0.2446073825,0.529982662,11.7262064723433,2.3226598789785906,0.036543819328344544,27.92380176883424,0.0023679858127204616,-39.650008241177474,-0.10749634928962734,-0.12356619687282457,121,0.8287671232876712,146,126,0.22066549912434325,571,screening,oat__max_early_boost-1,"{""max_early_boost"":1.0}",300,0.6499999999999999
medium,20270817,1.0,300,1.0,266,34,0.8866666666666667,100.15,569.69577567991,7.1033333333333335,7.888226812116667,40.0,60.0,80.0,0.00685325024,0.11,0,0.0,5,99,33,5.0,0,0.0,33.935585231736056,4.055388993333334,0.383506,0.4311085,5.214562837000001,2.2089687445,4.786098946499999,93.01346678979652,10.521554766481303,0.03930476350186568,149.55459593641956,0.0008750553208738583,-242.56806272621625,-0.09062908927039981,-0.10250215014677343,422,0.8084291187739464,522,136,0.19400855920114124,701,screening,oat__max_early_boost-1,"{""max_early_boost"":1.0}",300,0.6499999999999999
large,20270829,5.0,300,1.0,274,26,0.9133333333333333,330.49666666666667,8542.432633498796,12.663333333333334,68.36768886738,60.0,90.0,110.0,0.005293758573333333,0.3433333333333333,0,0.0,5,642,113,5.0,0,1e-12,21.333333333333332,5.716466806666666,0.32395,0.529465,52.640890102499995,19.991145437500002,43.3141484475,877.2195576921781,62.38005743588822,0.04276969487705476,492.83672467968256,0.00019230928152988634,-1370.0562823718637,-0.07822076712212898,-0.06679842993422921,736,0.3586744639376218,2052,158,0.15019011406844107,1052,screening,oat__max_early_boost-1,"{""max_early_boost"":1.0}",300,0.6499999999999999
small,20270811,0.2,300,1.0,267,33,0.89,32.24666666666667,34.371480861276666,5.403333333333333,0.93327810808,20.0,30.0,50.0,0.008305248666666666,0.02666666666666667,0,0.0,1,25,7,5.0,0,0.0,61.802575107296136,3.4033011133333333,0.43201900000000004,0.37985250000000004,0.549858457,0.103545992,0.552245289,10.501053395277765,2.1633071372246038,0.0375059813516938,18.88789900599472,0.0018317413674267047,-29.38895240127246,-0.10870181335441083,-0.10496675516416476,125,0.8802816901408451,142,132,0.23741007194244604,556,screening,oat__safe_jackpot_share-0p15,"{""safe_jackpot_share"":0.15}",300,0.7999999999999999
medium,20270817,1.0,300,1.0,280,20,0.9333333333333333,89.67333333333333,461.3408756132433,6.85,6.75200445878,40.0,51.00000000000023,70.0,0.0069672110433333335,0.056666666666666664,0,0.0,4,99,30,5.0,0,0.0,35.55555555555556,3.9293625933333334,0.4090325,0.4275905,4.0763222555,1.0702094615000002,5.707783796,75.71557197364999,8.973697419099258,0.0373793058717514,43.53231945840034,0.00031453473819139657,-119.24789143205057,-0.09240606890065212,-0.05887036566204949,224,0.48590021691973967,461,139,0.22169059011164274,627,screening,oat__safe_jackpot_share-0p15,"{""safe_jackpot_share"":0.15}",300,0.7999999999999999
large,20270829,5.0,300,1.0,278,22,0.9266666666666666,328.46,7907.654697723403,12.61,60.38464395871333,60.0,90.0,120.0,0.005177160366666667,0.3433333333333333,0,0.0,5,701,96,5.0,0,1e-12,20.799229658160808,6.057617076666666,0.3031495,0.499085,47.437241971,9.009168299999999,48.048897601,787.5094188951877,54.5986308718859,0.04347183694768659,101.78335532503124,4.290499067708594e-05,-889.2927742202202,-0.07802285064586165,-0.049090448383325984,729,0.35268505079825835,2067,162,0.15547024952015356,1042,screening,oat__safe_jackpot_share-0p15,"{""safe_jackpot_share"":0.15}",300,0.7999999999999999
small,20270811,0.2,300,1.0,272,28,0.9066666666666666,32.406666666666666,31.07324463516,5.1866666666666665,0.9335114773733333,20.0,30.0,50.0,0.008401945333333332,0.03,0,0.0,4,21,12,5.0,0,0.0,64.4776119402985,3.3423509166666667,0.44473549999999995,0.376299,0.487011047,0.3776795245,0.41964391599999995,9.87887874213052,2.123221699801187,0.035274976907362005,19.141906204289583,0.002053417812123181,-29.02078494642011,-0.10969104519873452,-0.10362588159450475,128,0.8152866242038217,157,127,0.23605947955390336,538,screening,oat__safe_jackpot_share-0p45,"{""safe_jackpot_share"":0.45}",300,0.49999999999999994
medium,20270817,1.0,300,1.0,279,21,0.93,92.65666666666667,494.46426142651666,6.796666666666667,6.775458087646666,40.0,51.00000000000023,70.0,0.00696163648,0.06,0,0.0,4,110,30,5.0,0,0.0,35.4679802955665,3.94719933,0.40665850000000003,0.425342,4.13338692,3.249475894,3.610528771,76.44574779061925,9.037920921058433,0.03760914110983324,50.39693088826421,0.00033974097368109316,-126.84267867888342,-0.0898942283644646,-0.062403002639850595,154,0.32558139534883723,473,123,0.205,600,screening,oat__safe_jackpot_share-0p45,"{""safe_jackpot_share"":0.45}",300,0.49999999999999994
large,20270829,5.0,300,1.0,272,28,0.9066666666666666,338.74333333333334,8185.9922334277135,12.903333333333334,64.84374416595334,60.0,90.0,110.0,0.005201159376666667,0.35333333333333333,0,0.0,6,656,117,5.0,0,1e-12,20.899854862119014,6.1899183833333336,0.2956645,0.5059455,51.169426083000005,28.9067805125,32.118645014,851.7271661698114,59.33658051690994,0.04378356910781309,510.72269275962674,0.0002079661117822212,-1362.4498589294385,-0.0783865621343814,-0.0700375894109665,540,0.26024096385542167,2075,174,0.1589041095890411,1095,screening,oat__safe_jackpot_share-0p45,"{""safe_jackpot_share"":0.45}",300,0.49999999999999994
small,20270811,0.2,300,1.0,272,28,0.9066666666666666,32.406666666666666,31.132708524843334,5.1866666666666665,0.93366198588,20.0,30.0,50.0,0.008401945333333332,0.03,0,0.0,4,21,12,5.0,0,0.0,64.4776119402985,3.34272699,0.444396,0.3762945,0.487521361,0.5040868035,0.294050635,9.881098325699963,2.1236987446280517,0.03527721479198483,19.136822210000698,0.0020489514208430087,-29.01792053570066,-0.1096591180921541,-0.10359895042155087,105,0.6687898089171974,157,127,0.23605947955390336,538,screening,oat__safe_jackpot_share-0p6,"{""safe_jackpot_share"":0.6}",300,0.35
medium,20270817,1.0,300,1.0,279,21,0.93,92.65666666666667,493.46012932333,6.796666666666667,6.774060316583333,40.0,51.00000000000023,70.0,0.00696163648,0.06,0,0.0,4,110,30,5.0,0,0.0,35.4679802955665,3.94731574,0.40665,0.4253425,4.13338692,4.332634526,2.52737014,76.42313936998855,9.03524800433362,0.03760577644641472,50.50431753587866,0.00034115770477839154,-126.92745690586727,-0.08995143393479117,-0.06245759607185707,72,0.1522198731501057,473,123,0.205,600,screening,oat__safe_jackpot_share-0p6,"{""safe_jackpot_share"":0.6}",300,0.35
large,20270829,5.0,300,1.0,276,24,0.92,344.87,8322.309621324326,12.853333333333333,65.30696749785666,60.0,90.0,120.0,0.00523878053,0.31666666666666665,0,0.0,4,662,95,5.0,0,1e-12,21.135029354207436,6.13055377,0.29333,0.505817,51.827634869,36.291362426,21.169961415,863.2149377044711,60.81357682458113,0.04405935899222392,214.89040186327261,8.607001807633507e-05,-1078.1053395677438,-0.07831595078776703,-0.05502758132727192,106,0.05108433734939759,2075,166,0.152153987167736,1091,screening,oat__safe_jackpot_share-0p6,"{""safe_jackpot_share"":0.6}",300,0.35
